q,v,viable
2.356194490192345,0.40000000000000036,1.0
2.356194490192345,0.8000000000000007,1.0
2.356194490192345,1.200000000000001,1.0
2.356194490192345,1.6000000000000014,1.0
2.356194490192345,2.0,1.0
2.356194490192345,2.4000000000000004,1.0
2.356194490192345,2.8000000000000007,1.0
2.356194490192345,3.200000000000001,1.0
2.356194490192345,3.6000000000000014,1.0
2.356194490192345,4.0,1.0
2.356194490192345,4.4,1.0
2.3876104167282426,0.0,1.0
2.3876104167282426,0.40000000000000036,1.0
2.3876104167282426,0.8000000000000007,1.0
2.3876104167282426,1.200000000000001,1.0
2.3876104167282426,1.6000000000000014,1.0
2.3876104167282426,2.0,1.0
2.3876104167282426,2.4000000000000004,1.0
2.3876104167282426,2.8000000000000007,1.0
2.3876104167282426,3.200000000000001,1.0
2.3876104167282426,3.6000000000000014,1.0
2.3876104167282426,4.0,1.0
2.3876104167282426,4.4,1.0
2.419026343264141,0.0,1.0
2.419026343264141,0.40000000000000036,1.0
2.419026343264141,0.8000000000000007,1.0
2.419026343264141,1.200000000000001,1.0
2.419026343264141,1.6000000000000014,1.0
2.419026343264141,2.0,1.0
2.419026343264141,2.4000000000000004,1.0
2.419026343264141,2.8000000000000007,1.0
2.419026343264141,3.200000000000001,1.0
2.419026343264141,3.6000000000000014,1.0
2.419026343264141,4.0,1.0
2.419026343264141,4.4,1.0
2.4504422698000385,0.0,1.0
2.4504422698000385,0.40000000000000036,1.0
2.4504422698000385,0.8000000000000007,1.0
2.4504422698000385,1.200000000000001,1.0
2.4504422698000385,1.6000000000000014,1.0
2.4504422698000385,2.0,1.0
2.4504422698000385,2.4000000000000004,1.0
2.4504422698000385,2.8000000000000007,1.0
2.4504422698000385,3.200000000000001,1.0
2.4504422698000385,3.6000000000000014,1.0
2.4504422698000385,4.0,1.0
2.4818581963359367,0.0,1.0
2.4818581963359367,0.40000000000000036,1.0
2.4818581963359367,0.8000000000000007,1.0
2.4818581963359367,1.200000000000001,1.0
2.4818581963359367,1.6000000000000014,1.0
2.4818581963359367,2.0,1.0
2.4818581963359367,2.4000000000000004,1.0
2.4818581963359367,2.8000000000000007,1.0
2.4818581963359367,3.200000000000001,1.0
2.4818581963359367,3.6000000000000014,1.0
2.4818581963359367,4.0,1.0
2.5132741228718345,-0.3999999999999986,1.0
2.5132741228718345,0.0,1.0
2.5132741228718345,0.40000000000000036,1.0
2.5132741228718345,0.8000000000000007,1.0
2.5132741228718345,1.200000000000001,1.0
2.5132741228718345,1.6000000000000014,1.0
2.5132741228718345,2.0,1.0
2.5132741228718345,2.4000000000000004,1.0
2.5132741228718345,2.8000000000000007,1.0
2.5132741228718345,3.200000000000001,1.0
2.5132741228718345,3.6000000000000014,1.0
2.5132741228718345,4.0,1.0
2.5446900494077322,-0.3999999999999986,1.0
2.5446900494077322,0.0,1.0
2.5446900494077322,0.40000000000000036,1.0
2.5446900494077322,0.8000000000000007,1.0
2.5446900494077322,1.200000000000001,1.0
2.5446900494077322,1.6000000000000014,1.0
2.5446900494077322,2.0,1.0
2.5446900494077322,2.4000000000000004,1.0
2.5446900494077322,2.8000000000000007,1.0
2.5446900494077322,3.200000000000001,1.0
2.5446900494077322,3.6000000000000014,1.0
2.5446900494077322,4.0,1.0
2.5761059759436304,-0.3999999999999986,1.0
2.5761059759436304,0.0,1.0
2.5761059759436304,0.40000000000000036,1.0
2.5761059759436304,0.8000000000000007,1.0
2.5761059759436304,1.200000000000001,1.0
2.5761059759436304,1.6000000000000014,1.0
2.5761059759436304,2.0,1.0
2.5761059759436304,2.4000000000000004,1.0
2.5761059759436304,2.8000000000000007,1.0
2.5761059759436304,3.200000000000001,1.0
2.5761059759436304,3.6000000000000014,1.0
2.5761059759436304,4.0,1.0
2.607521902479528,-0.3999999999999986,1.0
2.607521902479528,0.0,1.0
2.607521902479528,0.40000000000000036,1.0
2.607521902479528,0.8000000000000007,1.0
2.607521902479528,1.200000000000001,1.0
2.607521902479528,1.6000000000000014,1.0
2.607521902479528,2.0,1.0
2.607521902479528,2.4000000000000004,1.0
2.607521902479528,2.8000000000000007,1.0
2.607521902479528,3.200000000000001,1.0
2.607521902479528,3.6000000000000014,1.0
2.6389378290154264,-0.3999999999999986,1.0
2.6389378290154264,0.0,1.0
2.6389378290154264,0.40000000000000036,1.0
2.6389378290154264,0.8000000000000007,1.0
2.6389378290154264,1.200000000000001,1.0
2.6389378290154264,1.6000000000000014,1.0
2.6389378290154264,2.0,1.0
2.6389378290154264,2.4000000000000004,1.0
2.6389378290154264,2.8000000000000007,1.0
2.6389378290154264,3.200000000000001,1.0
2.6389378290154264,3.6000000000000014,1.0
2.670353755551324,-0.7999999999999989,1.0
2.670353755551324,-0.3999999999999986,1.0
2.670353755551324,0.0,1.0
2.670353755551324,0.40000000000000036,1.0
2.670353755551324,0.8000000000000007,1.0
2.670353755551324,1.200000000000001,1.0
2.670353755551324,1.6000000000000014,1.0
2.670353755551324,2.0,1.0
2.670353755551324,2.4000000000000004,1.0
2.670353755551324,2.8000000000000007,1.0
2.670353755551324,3.200000000000001,1.0
2.670353755551324,3.6000000000000014,1.0
2.701769682087222,-0.7999999999999989,1.0
2.701769682087222,-0.3999999999999986,1.0
2.701769682087222,0.0,1.0
2.701769682087222,0.40000000000000036,1.0
2.701769682087222,0.8000000000000007,1.0
2.701769682087222,1.200000000000001,1.0
2.701769682087222,1.6000000000000014,1.0
2.701769682087222,2.0,1.0
2.701769682087222,2.4000000000000004,1.0
2.701769682087222,2.8000000000000007,1.0
2.701769682087222,3.200000000000001,1.0
2.701769682087222,3.6000000000000014,1.0
2.73318560862312,-0.7999999999999989,1.0
2.73318560862312,-0.3999999999999986,1.0
2.73318560862312,0.0,1.0
2.73318560862312,0.40000000000000036,1.0
2.73318560862312,0.8000000000000007,1.0
2.73318560862312,1.200000000000001,1.0
2.73318560862312,1.6000000000000014,1.0
2.73318560862312,2.0,1.0
2.73318560862312,2.4000000000000004,1.0
2.73318560862312,2.8000000000000007,1.0
2.73318560862312,3.200000000000001,1.0
2.764601535159018,-0.7999999999999989,1.0
2.764601535159018,-0.3999999999999986,1.0
2.764601535159018,0.0,1.0
2.764601535159018,0.40000000000000036,1.0
2.764601535159018,0.8000000000000007,1.0
2.764601535159018,1.200000000000001,1.0
2.764601535159018,1.6000000000000014,1.0
2.764601535159018,2.0,1.0
2.764601535159018,2.4000000000000004,1.0
2.764601535159018,2.8000000000000007,1.0
2.764601535159018,3.200000000000001,1.0
2.796017461694916,-1.1999999999999993,1.0
2.796017461694916,-0.7999999999999989,1.0
2.796017461694916,-0.3999999999999986,1.0
2.796017461694916,0.0,1.0
2.796017461694916,0.40000000000000036,1.0
2.796017461694916,0.8000000000000007,1.0
2.796017461694916,1.200000000000001,1.0
2.796017461694916,1.6000000000000014,1.0
2.796017461694916,2.0,1.0
2.796017461694916,2.4000000000000004,1.0
2.796017461694916,2.8000000000000007,1.0
2.796017461694916,3.200000000000001,1.0
2.827433388230814,-1.1999999999999993,1.0
2.827433388230814,-0.7999999999999989,1.0
2.827433388230814,-0.3999999999999986,1.0
2.827433388230814,0.0,1.0
2.827433388230814,0.40000000000000036,1.0
2.827433388230814,0.8000000000000007,1.0
2.827433388230814,1.200000000000001,1.0
2.827433388230814,1.6000000000000014,1.0
2.827433388230814,2.0,1.0
2.827433388230814,2.4000000000000004,1.0
2.827433388230814,2.8000000000000007,1.0
2.827433388230814,3.200000000000001,1.0
2.8588493147667116,-1.1999999999999993,1.0
2.8588493147667116,-0.7999999999999989,1.0
2.8588493147667116,-0.3999999999999986,1.0
2.8588493147667116,0.0,1.0
2.8588493147667116,0.40000000000000036,1.0
2.8588493147667116,0.8000000000000007,1.0
2.8588493147667116,1.200000000000001,1.0
2.8588493147667116,1.6000000000000014,1.0
2.8588493147667116,2.0,1.0
2.8588493147667116,2.4000000000000004,1.0
2.8588493147667116,2.8000000000000007,1.0
2.8902652413026098,-1.1999999999999993,1.0
2.8902652413026098,-0.7999999999999989,1.0
2.8902652413026098,-0.3999999999999986,1.0
2.8902652413026098,0.0,1.0
2.8902652413026098,0.40000000000000036,1.0
2.8902652413026098,0.8000000000000007,1.0
2.8902652413026098,1.200000000000001,1.0
2.8902652413026098,1.6000000000000014,1.0
2.8902652413026098,2.0,1.0
2.8902652413026098,2.4000000000000004,1.0
2.8902652413026098,2.8000000000000007,1.0
2.9216811678385075,-1.1999999999999993,1.0
2.9216811678385075,-0.7999999999999989,1.0
2.9216811678385075,-0.3999999999999986,1.0
2.9216811678385075,0.0,1.0
2.9216811678385075,0.40000000000000036,1.0
2.9216811678385075,0.8000000000000007,1.0
2.9216811678385075,1.200000000000001,1.0
2.9216811678385075,1.6000000000000014,1.0
2.9216811678385075,2.0,1.0
2.9216811678385075,2.4000000000000004,1.0
2.9216811678385075,2.8000000000000007,1.0
2.9530970943744057,-1.5999999999999996,1.0
2.9530970943744057,-1.1999999999999993,1.0
2.9530970943744057,-0.7999999999999989,1.0
2.9530970943744057,-0.3999999999999986,1.0
2.9530970943744057,0.0,1.0
2.9530970943744057,0.40000000000000036,1.0
2.9530970943744057,0.8000000000000007,1.0
2.9530970943744057,1.200000000000001,1.0
2.9530970943744057,1.6000000000000014,1.0
2.9530970943744057,2.0,1.0
2.9530970943744057,2.4000000000000004,1.0
2.9530970943744057,2.8000000000000007,1.0
2.9845130209103035,-1.5999999999999996,1.0
2.9845130209103035,-1.1999999999999993,1.0
2.9845130209103035,-0.7999999999999989,1.0
2.9845130209103035,-0.3999999999999986,1.0
2.9845130209103035,0.0,1.0
2.9845130209103035,0.40000000000000036,1.0
2.9845130209103035,0.8000000000000007,1.0
2.9845130209103035,1.200000000000001,1.0
2.9845130209103035,1.6000000000000014,1.0
2.9845130209103035,2.0,1.0
2.9845130209103035,2.4000000000000004,1.0
3.015928947446201,-1.5999999999999996,1.0
3.015928947446201,-1.1999999999999993,1.0
3.015928947446201,-0.7999999999999989,1.0
3.015928947446201,-0.3999999999999986,1.0
3.015928947446201,0.0,1.0
3.015928947446201,0.40000000000000036,1.0
3.015928947446201,0.8000000000000007,1.0
3.015928947446201,1.200000000000001,1.0
3.015928947446201,1.6000000000000014,1.0
3.015928947446201,2.0,1.0
3.015928947446201,2.4000000000000004,1.0
3.0473448739820994,-1.5999999999999996,1.0
3.0473448739820994,-1.1999999999999993,1.0
3.0473448739820994,-0.7999999999999989,1.0
3.0473448739820994,-0.3999999999999986,1.0
3.0473448739820994,0.0,1.0
3.0473448739820994,0.40000000000000036,1.0
3.0473448739820994,0.8000000000000007,1.0
3.0473448739820994,1.200000000000001,1.0
3.0473448739820994,1.6000000000000014,1.0
3.0473448739820994,2.0,1.0
3.0473448739820994,2.4000000000000004,1.0
3.078760800517997,-2.0,1.0
3.078760800517997,-1.5999999999999996,1.0
3.078760800517997,-1.1999999999999993,1.0
3.078760800517997,-0.7999999999999989,1.0
3.078760800517997,-0.3999999999999986,1.0
3.078760800517997,0.0,1.0
3.078760800517997,0.40000000000000036,1.0
3.078760800517997,0.8000000000000007,1.0
3.078760800517997,1.200000000000001,1.0
3.078760800517997,1.6000000000000014,1.0
3.078760800517997,2.0,1.0
3.078760800517997,2.4000000000000004,1.0
3.1101767270538954,-2.0,1.0
3.1101767270538954,-1.5999999999999996,1.0
3.1101767270538954,-1.1999999999999993,1.0
3.1101767270538954,-0.7999999999999989,1.0
3.1101767270538954,-0.3999999999999986,1.0
3.1101767270538954,0.0,1.0
3.1101767270538954,0.40000000000000036,1.0
3.1101767270538954,0.8000000000000007,1.0
3.1101767270538954,1.200000000000001,1.0
3.1101767270538954,1.6000000000000014,1.0
3.1101767270538954,2.0,1.0
3.141592653589793,-2.0,1.0
3.141592653589793,-1.5999999999999996,1.0
3.141592653589793,-1.1999999999999993,1.0
3.141592653589793,-0.7999999999999989,1.0
3.141592653589793,-0.3999999999999986,1.0
3.141592653589793,0.0,1.0
3.141592653589793,0.40000000000000036,1.0
3.141592653589793,0.8000000000000007,1.0
3.141592653589793,1.200000000000001,1.0
3.141592653589793,1.6000000000000014,1.0
3.141592653589793,2.0,1.0
3.173008580125691,-2.0,1.0
3.173008580125691,-1.5999999999999996,1.0
3.173008580125691,-1.1999999999999993,1.0
3.173008580125691,-0.7999999999999989,1.0
3.173008580125691,-0.3999999999999986,1.0
3.173008580125691,0.0,1.0
3.173008580125691,0.40000000000000036,1.0
3.173008580125691,0.8000000000000007,1.0
3.173008580125691,1.200000000000001,1.0
3.173008580125691,1.6000000000000014,1.0
3.173008580125691,2.0,1.0
3.204424506661589,-2.3999999999999995,1.0
3.204424506661589,-2.0,1.0
3.204424506661589,-1.5999999999999996,1.0
3.204424506661589,-1.1999999999999993,1.0
3.204424506661589,-0.7999999999999989,1.0
3.204424506661589,-0.3999999999999986,1.0
3.204424506661589,0.0,1.0
3.204424506661589,0.40000000000000036,1.0
3.204424506661589,0.8000000000000007,1.0
3.204424506661589,1.200000000000001,1.0
3.204424506661589,1.6000000000000014,1.0
3.204424506661589,2.0,1.0
3.2358404331974873,-2.3999999999999995,1.0
3.2358404331974873,-2.0,1.0
3.2358404331974873,-1.5999999999999996,1.0
3.2358404331974873,-1.1999999999999993,1.0
3.2358404331974873,-0.7999999999999989,1.0
3.2358404331974873,-0.3999999999999986,1.0
3.2358404331974873,0.0,1.0
3.2358404331974873,0.40000000000000036,1.0
3.2358404331974873,0.8000000000000007,1.0
3.2358404331974873,1.200000000000001,1.0
3.2358404331974873,1.6000000000000014,1.0
3.267256359733385,-2.3999999999999995,1.0
3.267256359733385,-2.0,1.0
3.267256359733385,-1.5999999999999996,1.0
3.267256359733385,-1.1999999999999993,1.0
3.267256359733385,-0.7999999999999989,1.0
3.267256359733385,-0.3999999999999986,1.0
3.267256359733385,0.0,1.0
3.267256359733385,0.40000000000000036,1.0
3.267256359733385,0.8000000000000007,1.0
3.267256359733385,1.200000000000001,1.0
3.267256359733385,1.6000000000000014,1.0
3.2986722862692828,-2.3999999999999995,1.0
3.2986722862692828,-2.0,1.0
3.2986722862692828,-1.5999999999999996,1.0
3.2986722862692828,-1.1999999999999993,1.0
3.2986722862692828,-0.7999999999999989,1.0
3.2986722862692828,-0.3999999999999986,1.0
3.2986722862692828,0.0,1.0
3.2986722862692828,0.40000000000000036,1.0
3.2986722862692828,0.8000000000000007,1.0
3.2986722862692828,1.200000000000001,1.0
3.2986722862692828,1.6000000000000014,1.0
3.3300882128051805,-2.8,1.0
3.3300882128051805,-2.3999999999999995,1.0
3.3300882128051805,-2.0,1.0
3.3300882128051805,-1.5999999999999996,1.0
3.3300882128051805,-1.1999999999999993,1.0
3.3300882128051805,-0.7999999999999989,1.0
3.3300882128051805,-0.3999999999999986,1.0
3.3300882128051805,0.0,1.0
3.3300882128051805,0.40000000000000036,1.0
3.3300882128051805,0.8000000000000007,1.0
3.3300882128051805,1.200000000000001,1.0
3.3300882128051805,1.6000000000000014,1.0
3.3615041393410787,-2.8,1.0
3.3615041393410787,-2.3999999999999995,1.0
3.3615041393410787,-2.0,1.0
3.3615041393410787,-1.5999999999999996,1.0
3.3615041393410787,-1.1999999999999993,1.0
3.3615041393410787,-0.7999999999999989,1.0
3.3615041393410787,-0.3999999999999986,1.0
3.3615041393410787,0.0,1.0
3.3615041393410787,0.40000000000000036,1.0
3.3615041393410787,0.8000000000000007,1.0
3.3615041393410787,1.200000000000001,1.0
3.392920065876977,-2.8,1.0
3.392920065876977,-2.3999999999999995,1.0
3.392920065876977,-2.0,1.0
3.392920065876977,-1.5999999999999996,1.0
3.392920065876977,-1.1999999999999993,1.0
3.392920065876977,-0.7999999999999989,1.0
3.392920065876977,-0.3999999999999986,1.0
3.392920065876977,0.0,1.0
3.392920065876977,0.40000000000000036,1.0
3.392920065876977,0.8000000000000007,1.0
3.392920065876977,1.200000000000001,1.0
3.4243359924128747,-2.8,1.0
3.4243359924128747,-2.3999999999999995,1.0
3.4243359924128747,-2.0,1.0
3.4243359924128747,-1.5999999999999996,1.0
3.4243359924128747,-1.1999999999999993,1.0
3.4243359924128747,-0.7999999999999989,1.0
3.4243359924128747,-0.3999999999999986,1.0
3.4243359924128747,0.0,1.0
3.4243359924128747,0.40000000000000036,1.0
3.4243359924128747,0.8000000000000007,1.0
3.4243359924128747,1.200000000000001,1.0
3.4557519189487724,-3.1999999999999993,1.0
3.4557519189487724,-2.8,1.0
3.4557519189487724,-2.3999999999999995,1.0
3.4557519189487724,-2.0,1.0
3.4557519189487724,-1.5999999999999996,1.0
3.4557519189487724,-1.1999999999999993,1.0
3.4557519189487724,-0.7999999999999989,1.0
3.4557519189487724,-0.3999999999999986,1.0
3.4557519189487724,0.0,1.0
3.4557519189487724,0.40000000000000036,1.0
3.4557519189487724,0.8000000000000007,1.0
3.4557519189487724,1.200000000000001,1.0
3.48716784548467,-3.1999999999999993,1.0
3.48716784548467,-2.8,1.0
3.48716784548467,-2.3999999999999995,1.0
3.48716784548467,-2.0,1.0
3.48716784548467,-1.5999999999999996,1.0
3.48716784548467,-1.1999999999999993,1.0
3.48716784548467,-0.7999999999999989,1.0
3.48716784548467,-0.3999999999999986,1.0
3.48716784548467,0.0,1.0
3.48716784548467,0.40000000000000036,1.0
3.48716784548467,0.8000000000000007,1.0
3.48716784548467,1.200000000000001,1.0
3.5185837720205684,-3.1999999999999993,1.0
3.5185837720205684,-2.8,1.0
3.5185837720205684,-2.3999999999999995,1.0
3.5185837720205684,-2.0,1.0
3.5185837720205684,-1.5999999999999996,1.0
3.5185837720205684,-1.1999999999999993,1.0
3.5185837720205684,-0.7999999999999989,1.0
3.5185837720205684,-0.3999999999999986,1.0
3.5185837720205684,0.0,1.0
3.5185837720205684,0.40000000000000036,1.0
3.5185837720205684,0.8000000000000007,1.0
3.5499996985564666,-3.1999999999999993,1.0
3.5499996985564666,-2.8,1.0
3.5499996985564666,-2.3999999999999995,1.0
3.5499996985564666,-2.0,1.0
3.5499996985564666,-1.5999999999999996,1.0
3.5499996985564666,-1.1999999999999993,1.0
3.5499996985564666,-0.7999999999999989,1.0
3.5499996985564666,-0.3999999999999986,1.0
3.5499996985564666,0.0,1.0
3.5499996985564666,0.40000000000000036,1.0
3.5499996985564666,0.8000000000000007,1.0
3.5814156250923643,-3.5999999999999996,1.0
3.5814156250923643,-3.1999999999999993,1.0
3.5814156250923643,-2.8,1.0
3.5814156250923643,-2.3999999999999995,1.0
3.5814156250923643,-2.0,1.0
3.5814156250923643,-1.5999999999999996,1.0
3.5814156250923643,-1.1999999999999993,1.0
3.5814156250923643,-0.7999999999999989,1.0
3.5814156250923643,-0.3999999999999986,1.0
3.5814156250923643,0.0,1.0
3.5814156250923643,0.40000000000000036,1.0
3.5814156250923643,0.8000000000000007,1.0
3.612831551628262,-3.5999999999999996,1.0
3.612831551628262,-3.1999999999999993,1.0
3.612831551628262,-2.8,1.0
3.612831551628262,-2.3999999999999995,1.0
3.612831551628262,-2.0,1.0
3.612831551628262,-1.5999999999999996,1.0
3.612831551628262,-1.1999999999999993,1.0
3.612831551628262,-0.7999999999999989,1.0
3.612831551628262,-0.3999999999999986,1.0
3.612831551628262,0.0,1.0
3.612831551628262,0.40000000000000036,1.0
3.612831551628262,0.8000000000000007,1.0
3.64424747816416,-3.5999999999999996,1.0
3.64424747816416,-3.1999999999999993,1.0
3.64424747816416,-2.8,1.0
3.64424747816416,-2.3999999999999995,1.0
3.64424747816416,-2.0,1.0
3.64424747816416,-1.5999999999999996,1.0
3.64424747816416,-1.1999999999999993,1.0
3.64424747816416,-0.7999999999999989,1.0
3.64424747816416,-0.3999999999999986,1.0
3.64424747816416,0.0,1.0
3.64424747816416,0.40000000000000036,1.0
3.675663404700058,-3.5999999999999996,1.0
3.675663404700058,-3.1999999999999993,1.0
3.675663404700058,-2.8,1.0
3.675663404700058,-2.3999999999999995,1.0
3.675663404700058,-2.0,1.0
3.675663404700058,-1.5999999999999996,1.0
3.675663404700058,-1.1999999999999993,1.0
3.675663404700058,-0.7999999999999989,1.0
3.675663404700058,-0.3999999999999986,1.0
3.675663404700058,0.0,1.0
3.675663404700058,0.40000000000000036,1.0
3.7070793312359562,-4.0,1.0
3.7070793312359562,-3.5999999999999996,1.0
3.7070793312359562,-3.1999999999999993,1.0
3.7070793312359562,-2.8,1.0
3.7070793312359562,-2.3999999999999995,1.0
3.7070793312359562,-2.0,1.0
3.7070793312359562,-1.5999999999999996,1.0
3.7070793312359562,-1.1999999999999993,1.0
3.7070793312359562,-0.7999999999999989,1.0
3.7070793312359562,-0.3999999999999986,1.0
3.7070793312359562,0.0,1.0
3.7070793312359562,0.40000000000000036,1.0
3.738495257771854,-4.0,1.0
3.738495257771854,-3.5999999999999996,1.0
3.738495257771854,-3.1999999999999993,1.0
3.738495257771854,-2.8,1.0
3.738495257771854,-2.3999999999999995,1.0
3.738495257771854,-2.0,1.0
3.738495257771854,-1.5999999999999996,1.0
3.738495257771854,-1.1999999999999993,1.0
3.738495257771854,-0.7999999999999989,1.0
3.738495257771854,-0.3999999999999986,1.0
3.738495257771854,0.0,1.0
3.738495257771854,0.40000000000000036,1.0
3.7699111843077517,-4.0,1.0
3.7699111843077517,-3.5999999999999996,1.0
3.7699111843077517,-3.1999999999999993,1.0
3.7699111843077517,-2.8,1.0
3.7699111843077517,-2.3999999999999995,1.0
3.7699111843077517,-2.0,1.0
3.7699111843077517,-1.5999999999999996,1.0
3.7699111843077517,-1.1999999999999993,1.0
3.7699111843077517,-0.7999999999999989,1.0
3.7699111843077517,-0.3999999999999986,1.0
3.7699111843077517,0.0,1.0
3.7699111843077517,0.40000000000000036,1.0
3.8013271108436495,-4.0,1.0
3.8013271108436495,-3.5999999999999996,1.0
3.8013271108436495,-3.1999999999999993,1.0
3.8013271108436495,-2.8,1.0
3.8013271108436495,-2.3999999999999995,1.0
3.8013271108436495,-2.0,1.0
3.8013271108436495,-1.5999999999999996,1.0
3.8013271108436495,-1.1999999999999993,1.0
3.8013271108436495,-0.7999999999999989,1.0
3.8013271108436495,-0.3999999999999986,1.0
3.8013271108436495,0.0,1.0
3.8327430373795477,-4.0,1.0
3.8327430373795477,-3.5999999999999996,1.0
3.8327430373795477,-3.1999999999999993,1.0
3.8327430373795477,-2.8,1.0
3.8327430373795477,-2.3999999999999995,1.0
3.8327430373795477,-2.0,1.0
3.8327430373795477,-1.5999999999999996,1.0
3.8327430373795477,-1.1999999999999993,1.0
3.8327430373795477,-0.7999999999999989,1.0
3.8327430373795477,-0.3999999999999986,1.0
3.8327430373795477,0.0,1.0
3.864158963915446,-4.3999999999999995,1.0
3.864158963915446,-4.0,1.0
3.864158963915446,-3.5999999999999996,1.0
3.864158963915446,-3.1999999999999993,1.0
3.864158963915446,-2.8,1.0
3.864158963915446,-2.3999999999999995,1.0
3.864158963915446,-2.0,1.0
3.864158963915446,-1.5999999999999996,1.0
3.864158963915446,-1.1999999999999993,1.0
3.864158963915446,-0.7999999999999989,1.0
3.864158963915446,-0.3999999999999986,1.0
3.864158963915446,0.0,1.0
3.8955748904513436,-4.3999999999999995,1.0
3.8955748904513436,-4.0,1.0
3.8955748904513436,-3.5999999999999996,1.0
3.8955748904513436,-3.1999999999999993,1.0
3.8955748904513436,-2.8,1.0
3.8955748904513436,-2.3999999999999995,1.0
3.8955748904513436,-2.0,1.0
3.8955748904513436,-1.5999999999999996,1.0
3.8955748904513436,-1.1999999999999993,1.0
3.8955748904513436,-0.7999999999999989,1.0
3.8955748904513436,-0.3999999999999986,1.0
3.8955748904513436,0.0,1.0
3.9269908169872414,-4.3999999999999995,1.0
3.9269908169872414,-4.0,1.0
3.9269908169872414,-3.5999999999999996,1.0
3.9269908169872414,-3.1999999999999993,1.0
3.9269908169872414,-2.8,1.0
3.9269908169872414,-2.3999999999999995,1.0
3.9269908169872414,-2.0,1.0
3.9269908169872414,-1.5999999999999996,1.0
3.9269908169872414,-1.1999999999999993,1.0
3.9269908169872414,-0.7999999999999989,1.0
3.9269908169872414,-0.3999999999999986,1.0
2.356194490192345,-10.0,0.0
2.356194490192345,-9.6,0.0
2.356194490192345,-9.2,0.0
2.356194490192345,-8.8,0.0
2.356194490192345,-8.4,0.0
2.356194490192345,-8.0,0.0
2.356194490192345,-7.6,0.0
2.356194490192345,-7.199999999999999,0.0
2.356194490192345,-6.8,0.0
2.356194490192345,-6.4,0.0
2.356194490192345,-6.0,0.0
2.356194490192345,-5.6,0.0
2.356194490192345,-5.199999999999999,0.0
2.356194490192345,-4.8,0.0
2.356194490192345,-4.3999999999999995,0.0
2.356194490192345,-4.0,0.0
2.356194490192345,-3.5999999999999996,0.0
2.356194490192345,-3.1999999999999993,0.0
2.356194490192345,-2.8,0.0
2.356194490192345,-2.3999999999999995,0.0
2.356194490192345,-2.0,0.0
2.356194490192345,-1.5999999999999996,0.0
2.356194490192345,-1.1999999999999993,0.0
2.356194490192345,-0.7999999999999989,0.0
2.356194490192345,-0.3999999999999986,0.0
2.356194490192345,0.0,0.0
2.356194490192345,4.800000000000001,0.0
2.356194490192345,5.200000000000001,0.0
2.356194490192345,5.600000000000001,0.0
2.356194490192345,6.0,0.0
2.356194490192345,6.400000000000002,0.0
2.356194490192345,6.800000000000001,0.0
2.356194490192345,7.199999999999999,0.0
2.356194490192345,7.600000000000001,0.0
2.356194490192345,8.0,0.0
2.356194490192345,8.400000000000002,0.0
2.356194490192345,8.8,0.0
2.356194490192345,9.200000000000003,0.0
2.356194490192345,9.600000000000001,0.0
2.356194490192345,10.0,0.0
2.3876104167282426,-10.0,0.0
2.3876104167282426,-9.6,0.0
2.3876104167282426,-9.2,0.0
2.3876104167282426,-8.8,0.0
2.3876104167282426,-8.4,0.0
2.3876104167282426,-8.0,0.0
2.3876104167282426,-7.6,0.0
2.3876104167282426,-7.199999999999999,0.0
2.3876104167282426,-6.8,0.0
2.3876104167282426,-6.4,0.0
2.3876104167282426,-6.0,0.0
2.3876104167282426,-5.6,0.0
2.3876104167282426,-5.199999999999999,0.0
2.3876104167282426,-4.8,0.0
2.3876104167282426,-4.3999999999999995,0.0
2.3876104167282426,-4.0,0.0
2.3876104167282426,-3.5999999999999996,0.0
2.3876104167282426,-3.1999999999999993,0.0
2.3876104167282426,-2.8,0.0
2.3876104167282426,-2.3999999999999995,0.0
2.3876104167282426,-2.0,0.0
2.3876104167282426,-1.5999999999999996,0.0
2.3876104167282426,-1.1999999999999993,0.0
2.3876104167282426,-0.7999999999999989,0.0
2.3876104167282426,-0.3999999999999986,0.0
2.3876104167282426,4.800000000000001,0.0
2.3876104167282426,5.200000000000001,0.0
2.3876104167282426,5.600000000000001,0.0
2.3876104167282426,6.0,0.0
2.3876104167282426,6.400000000000002,0.0
2.3876104167282426,6.800000000000001,0.0
2.3876104167282426,7.199999999999999,0.0
2.3876104167282426,7.600000000000001,0.0
2.3876104167282426,8.0,0.0
2.3876104167282426,8.400000000000002,0.0
2.3876104167282426,8.8,0.0
2.3876104167282426,9.200000000000003,0.0
2.3876104167282426,9.600000000000001,0.0
2.3876104167282426,10.0,0.0
2.419026343264141,-10.0,0.0
2.419026343264141,-9.6,0.0
2.419026343264141,-9.2,0.0
2.419026343264141,-8.8,0.0
2.419026343264141,-8.4,0.0
2.419026343264141,-8.0,0.0
2.419026343264141,-7.6,0.0
2.419026343264141,-7.199999999999999,0.0
2.419026343264141,-6.8,0.0
2.419026343264141,-6.4,0.0
2.419026343264141,-6.0,0.0
2.419026343264141,-5.6,0.0
2.419026343264141,-5.199999999999999,0.0
2.419026343264141,-4.8,0.0
2.419026343264141,-4.3999999999999995,0.0
2.419026343264141,-4.0,0.0
2.419026343264141,-3.5999999999999996,0.0
2.419026343264141,-3.1999999999999993,0.0
2.419026343264141,-2.8,0.0
2.419026343264141,-2.3999999999999995,0.0
2.419026343264141,-2.0,0.0
2.419026343264141,-1.5999999999999996,0.0
2.419026343264141,-1.1999999999999993,0.0
2.419026343264141,-0.7999999999999989,0.0
2.419026343264141,-0.3999999999999986,0.0
2.419026343264141,4.800000000000001,0.0
2.419026343264141,5.200000000000001,0.0
2.419026343264141,5.600000000000001,0.0
2.419026343264141,6.0,0.0
2.419026343264141,6.400000000000002,0.0
2.419026343264141,6.800000000000001,0.0
2.419026343264141,7.199999999999999,0.0
2.419026343264141,7.600000000000001,0.0
2.419026343264141,8.0,0.0
2.419026343264141,8.400000000000002,0.0
2.419026343264141,8.8,0.0
2.419026343264141,9.200000000000003,0.0
2.419026343264141,9.600000000000001,0.0
2.419026343264141,10.0,0.0
2.4504422698000385,-10.0,0.0
2.4504422698000385,-9.6,0.0
2.4504422698000385,-9.2,0.0
2.4504422698000385,-8.8,0.0
2.4504422698000385,-8.4,0.0
2.4504422698000385,-8.0,0.0
2.4504422698000385,-7.6,0.0
2.4504422698000385,-7.199999999999999,0.0
2.4504422698000385,-6.8,0.0
2.4504422698000385,-6.4,0.0
2.4504422698000385,-6.0,0.0
2.4504422698000385,-5.6,0.0
2.4504422698000385,-5.199999999999999,0.0
2.4504422698000385,-4.8,0.0
2.4504422698000385,-4.3999999999999995,0.0
2.4504422698000385,-4.0,0.0
2.4504422698000385,-3.5999999999999996,0.0
2.4504422698000385,-3.1999999999999993,0.0
2.4504422698000385,-2.8,0.0
2.4504422698000385,-2.3999999999999995,0.0
2.4504422698000385,-2.0,0.0
2.4504422698000385,-1.5999999999999996,0.0
2.4504422698000385,-1.1999999999999993,0.0
2.4504422698000385,-0.7999999999999989,0.0
2.4504422698000385,-0.3999999999999986,0.0
2.4504422698000385,4.4,0.0
2.4504422698000385,4.800000000000001,0.0
2.4504422698000385,5.200000000000001,0.0
2.4504422698000385,5.600000000000001,0.0
2.4504422698000385,6.0,0.0
2.4504422698000385,6.400000000000002,0.0
2.4504422698000385,6.800000000000001,0.0
2.4504422698000385,7.199999999999999,0.0
2.4504422698000385,7.600000000000001,0.0
2.4504422698000385,8.0,0.0
2.4504422698000385,8.400000000000002,0.0
2.4504422698000385,8.8,0.0
2.4504422698000385,9.200000000000003,0.0
2.4504422698000385,9.600000000000001,0.0
2.4504422698000385,10.0,0.0
2.4818581963359367,-10.0,0.0
2.4818581963359367,-9.6,0.0
2.4818581963359367,-9.2,0.0
2.4818581963359367,-8.8,0.0
2.4818581963359367,-8.4,0.0
2.4818581963359367,-8.0,0.0
2.4818581963359367,-7.6,0.0
2.4818581963359367,-7.199999999999999,0.0
2.4818581963359367,-6.8,0.0
2.4818581963359367,-6.4,0.0
2.4818581963359367,-6.0,0.0
2.4818581963359367,-5.6,0.0
2.4818581963359367,-5.199999999999999,0.0
2.4818581963359367,-4.8,0.0
2.4818581963359367,-4.3999999999999995,0.0
2.4818581963359367,-4.0,0.0
2.4818581963359367,-3.5999999999999996,0.0
2.4818581963359367,-3.1999999999999993,0.0
2.4818581963359367,-2.8,0.0
2.4818581963359367,-2.3999999999999995,0.0
2.4818581963359367,-2.0,0.0
2.4818581963359367,-1.5999999999999996,0.0
2.4818581963359367,-1.1999999999999993,0.0
2.4818581963359367,-0.7999999999999989,0.0
2.4818581963359367,-0.3999999999999986,0.0
2.4818581963359367,4.4,0.0
2.4818581963359367,4.800000000000001,0.0
2.4818581963359367,5.200000000000001,0.0
2.4818581963359367,5.600000000000001,0.0
2.4818581963359367,6.0,0.0
2.4818581963359367,6.400000000000002,0.0
2.4818581963359367,6.800000000000001,0.0
2.4818581963359367,7.199999999999999,0.0
2.4818581963359367,7.600000000000001,0.0
2.4818581963359367,8.0,0.0
2.4818581963359367,8.400000000000002,0.0
2.4818581963359367,8.8,0.0
2.4818581963359367,9.200000000000003,0.0
2.4818581963359367,9.600000000000001,0.0
2.4818581963359367,10.0,0.0
2.5132741228718345,-10.0,0.0
2.5132741228718345,-9.6,0.0
2.5132741228718345,-9.2,0.0
2.5132741228718345,-8.8,0.0
2.5132741228718345,-8.4,0.0
2.5132741228718345,-8.0,0.0
2.5132741228718345,-7.6,0.0
2.5132741228718345,-7.199999999999999,0.0
2.5132741228718345,-6.8,0.0
2.5132741228718345,-6.4,0.0
2.5132741228718345,-6.0,0.0
2.5132741228718345,-5.6,0.0
2.5132741228718345,-5.199999999999999,0.0
2.5132741228718345,-4.8,0.0
2.5132741228718345,-4.3999999999999995,0.0
2.5132741228718345,-4.0,0.0
2.5132741228718345,-3.5999999999999996,0.0
2.5132741228718345,-3.1999999999999993,0.0
2.5132741228718345,-2.8,0.0
2.5132741228718345,-2.3999999999999995,0.0
2.5132741228718345,-2.0,0.0
2.5132741228718345,-1.5999999999999996,0.0
2.5132741228718345,-1.1999999999999993,0.0
2.5132741228718345,-0.7999999999999989,0.0
2.5132741228718345,4.4,0.0
2.5132741228718345,4.800000000000001,0.0
2.5132741228718345,5.200000000000001,0.0
2.5132741228718345,5.600000000000001,0.0
2.5132741228718345,6.0,0.0
2.5132741228718345,6.400000000000002,0.0
2.5132741228718345,6.800000000000001,0.0
2.5132741228718345,7.199999999999999,0.0
2.5132741228718345,7.600000000000001,0.0
2.5132741228718345,8.0,0.0
2.5132741228718345,8.400000000000002,0.0
2.5132741228718345,8.8,0.0
2.5132741228718345,9.200000000000003,0.0
2.5132741228718345,9.600000000000001,0.0
2.5132741228718345,10.0,0.0
2.5446900494077322,-10.0,0.0
2.5446900494077322,-9.6,0.0
2.5446900494077322,-9.2,0.0
2.5446900494077322,-8.8,0.0
2.5446900494077322,-8.4,0.0
2.5446900494077322,-8.0,0.0
2.5446900494077322,-7.6,0.0
2.5446900494077322,-7.199999999999999,0.0
2.5446900494077322,-6.8,0.0
2.5446900494077322,-6.4,0.0
2.5446900494077322,-6.0,0.0
2.5446900494077322,-5.6,0.0
2.5446900494077322,-5.199999999999999,0.0
2.5446900494077322,-4.8,0.0
2.5446900494077322,-4.3999999999999995,0.0
2.5446900494077322,-4.0,0.0
2.5446900494077322,-3.5999999999999996,0.0
2.5446900494077322,-3.1999999999999993,0.0
2.5446900494077322,-2.8,0.0
2.5446900494077322,-2.3999999999999995,0.0
2.5446900494077322,-2.0,0.0
2.5446900494077322,-1.5999999999999996,0.0
2.5446900494077322,-1.1999999999999993,0.0
2.5446900494077322,-0.7999999999999989,0.0
2.5446900494077322,4.4,0.0
2.5446900494077322,4.800000000000001,0.0
2.5446900494077322,5.200000000000001,0.0
2.5446900494077322,5.600000000000001,0.0
2.5446900494077322,6.0,0.0
2.5446900494077322,6.400000000000002,0.0
2.5446900494077322,6.800000000000001,0.0
2.5446900494077322,7.199999999999999,0.0
2.5446900494077322,7.600000000000001,0.0
2.5446900494077322,8.0,0.0
2.5446900494077322,8.400000000000002,0.0
2.5446900494077322,8.8,0.0
2.5446900494077322,9.200000000000003,0.0
2.5446900494077322,9.600000000000001,0.0
2.5446900494077322,10.0,0.0
2.5761059759436304,-10.0,0.0
2.5761059759436304,-9.6,0.0
2.5761059759436304,-9.2,0.0
2.5761059759436304,-8.8,0.0
2.5761059759436304,-8.4,0.0
2.5761059759436304,-8.0,0.0
2.5761059759436304,-7.6,0.0
2.5761059759436304,-7.199999999999999,0.0
2.5761059759436304,-6.8,0.0
2.5761059759436304,-6.4,0.0
2.5761059759436304,-6.0,0.0
2.5761059759436304,-5.6,0.0
2.5761059759436304,-5.199999999999999,0.0
2.5761059759436304,-4.8,0.0
2.5761059759436304,-4.3999999999999995,0.0
2.5761059759436304,-4.0,0.0
2.5761059759436304,-3.5999999999999996,0.0
2.5761059759436304,-3.1999999999999993,0.0
2.5761059759436304,-2.8,0.0
2.5761059759436304,-2.3999999999999995,0.0
2.5761059759436304,-2.0,0.0
2.5761059759436304,-1.5999999999999996,0.0
2.5761059759436304,-1.1999999999999993,0.0
2.5761059759436304,-0.7999999999999989,0.0
2.5761059759436304,4.4,0.0
2.5761059759436304,4.800000000000001,0.0
2.5761059759436304,5.200000000000001,0.0
2.5761059759436304,5.600000000000001,0.0
2.5761059759436304,6.0,0.0
2.5761059759436304,6.400000000000002,0.0
2.5761059759436304,6.800000000000001,0.0
2.5761059759436304,7.199999999999999,0.0
2.5761059759436304,7.600000000000001,0.0
2.5761059759436304,8.0,0.0
2.5761059759436304,8.400000000000002,0.0
2.5761059759436304,8.8,0.0
2.5761059759436304,9.200000000000003,0.0
2.5761059759436304,9.600000000000001,0.0
2.5761059759436304,10.0,0.0
2.607521902479528,-10.0,0.0
2.607521902479528,-9.6,0.0
2.607521902479528,-9.2,0.0
2.607521902479528,-8.8,0.0
2.607521902479528,-8.4,0.0
2.607521902479528,-8.0,0.0
2.607521902479528,-7.6,0.0
2.607521902479528,-7.199999999999999,0.0
2.607521902479528,-6.8,0.0
2.607521902479528,-6.4,0.0
2.607521902479528,-6.0,0.0
2.607521902479528,-5.6,0.0
2.607521902479528,-5.199999999999999,0.0
2.607521902479528,-4.8,0.0
2.607521902479528,-4.3999999999999995,0.0
2.607521902479528,-4.0,0.0
2.607521902479528,-3.5999999999999996,0.0
2.607521902479528,-3.1999999999999993,0.0
2.607521902479528,-2.8,0.0
2.607521902479528,-2.3999999999999995,0.0
2.607521902479528,-2.0,0.0
2.607521902479528,-1.5999999999999996,0.0
2.607521902479528,-1.1999999999999993,0.0
2.607521902479528,-0.7999999999999989,0.0
2.607521902479528,4.0,0.0
2.607521902479528,4.4,0.0
2.607521902479528,4.800000000000001,0.0
2.607521902479528,5.200000000000001,0.0
2.607521902479528,5.600000000000001,0.0
2.607521902479528,6.0,0.0
2.607521902479528,6.400000000000002,0.0
2.607521902479528,6.800000000000001,0.0
2.607521902479528,7.199999999999999,0.0
2.607521902479528,7.600000000000001,0.0
2.607521902479528,8.0,0.0
2.607521902479528,8.400000000000002,0.0
2.607521902479528,8.8,0.0
2.607521902479528,9.200000000000003,0.0
2.607521902479528,9.600000000000001,0.0
2.607521902479528,10.0,0.0
2.6389378290154264,-10.0,0.0
2.6389378290154264,-9.6,0.0
2.6389378290154264,-9.2,0.0
2.6389378290154264,-8.8,0.0
2.6389378290154264,-8.4,0.0
2.6389378290154264,-8.0,0.0
2.6389378290154264,-7.6,0.0
2.6389378290154264,-7.199999999999999,0.0
2.6389378290154264,-6.8,0.0
2.6389378290154264,-6.4,0.0
2.6389378290154264,-6.0,0.0
2.6389378290154264,-5.6,0.0
2.6389378290154264,-5.199999999999999,0.0
2.6389378290154264,-4.8,0.0
2.6389378290154264,-4.3999999999999995,0.0
2.6389378290154264,-4.0,0.0
2.6389378290154264,-3.5999999999999996,0.0
2.6389378290154264,-3.1999999999999993,0.0
2.6389378290154264,-2.8,0.0
2.6389378290154264,-2.3999999999999995,0.0
2.6389378290154264,-2.0,0.0
2.6389378290154264,-1.5999999999999996,0.0
2.6389378290154264,-1.1999999999999993,0.0
2.6389378290154264,-0.7999999999999989,0.0
2.6389378290154264,4.0,0.0
2.6389378290154264,4.4,0.0
2.6389378290154264,4.800000000000001,0.0
2.6389378290154264,5.200000000000001,0.0
2.6389378290154264,5.600000000000001,0.0
2.6389378290154264,6.0,0.0
2.6389378290154264,6.400000000000002,0.0
2.6389378290154264,6.800000000000001,0.0
2.6389378290154264,7.199999999999999,0.0
2.6389378290154264,7.600000000000001,0.0
2.6389378290154264,8.0,0.0
2.6389378290154264,8.400000000000002,0.0
2.6389378290154264,8.8,0.0
2.6389378290154264,9.200000000000003,0.0
2.6389378290154264,9.600000000000001,0.0
2.6389378290154264,10.0,0.0
2.670353755551324,-10.0,0.0
2.670353755551324,-9.6,0.0
2.670353755551324,-9.2,0.0
2.670353755551324,-8.8,0.0
2.670353755551324,-8.4,0.0
2.670353755551324,-8.0,0.0
2.670353755551324,-7.6,0.0
2.670353755551324,-7.199999999999999,0.0
2.670353755551324,-6.8,0.0
2.670353755551324,-6.4,0.0
2.670353755551324,-6.0,0.0
2.670353755551324,-5.6,0.0
2.670353755551324,-5.199999999999999,0.0
2.670353755551324,-4.8,0.0
2.670353755551324,-4.3999999999999995,0.0
2.670353755551324,-4.0,0.0
2.670353755551324,-3.5999999999999996,0.0
2.670353755551324,-3.1999999999999993,0.0
2.670353755551324,-2.8,0.0
2.670353755551324,-2.3999999999999995,0.0
2.670353755551324,-2.0,0.0
2.670353755551324,-1.5999999999999996,0.0
2.670353755551324,-1.1999999999999993,0.0
2.670353755551324,4.0,0.0
2.670353755551324,4.4,0.0
2.670353755551324,4.800000000000001,0.0
2.670353755551324,5.200000000000001,0.0
2.670353755551324,5.600000000000001,0.0
2.670353755551324,6.0,0.0
2.670353755551324,6.400000000000002,0.0
2.670353755551324,6.800000000000001,0.0
2.670353755551324,7.199999999999999,0.0
2.670353755551324,7.600000000000001,0.0
2.670353755551324,8.0,0.0
2.670353755551324,8.400000000000002,0.0
2.670353755551324,8.8,0.0
2.670353755551324,9.200000000000003,0.0
2.670353755551324,9.600000000000001,0.0
2.670353755551324,10.0,0.0
2.701769682087222,-10.0,0.0
2.701769682087222,-9.6,0.0
2.701769682087222,-9.2,0.0
2.701769682087222,-8.8,0.0
2.701769682087222,-8.4,0.0
2.701769682087222,-8.0,0.0
2.701769682087222,-7.6,0.0
2.701769682087222,-7.199999999999999,0.0
2.701769682087222,-6.8,0.0
2.701769682087222,-6.4,0.0
2.701769682087222,-6.0,0.0
2.701769682087222,-5.6,0.0
2.701769682087222,-5.199999999999999,0.0
2.701769682087222,-4.8,0.0
2.701769682087222,-4.3999999999999995,0.0
2.701769682087222,-4.0,0.0
2.701769682087222,-3.5999999999999996,0.0
2.701769682087222,-3.1999999999999993,0.0
2.701769682087222,-2.8,0.0
2.701769682087222,-2.3999999999999995,0.0
2.701769682087222,-2.0,0.0
2.701769682087222,-1.5999999999999996,0.0
2.701769682087222,-1.1999999999999993,0.0
2.701769682087222,4.0,0.0
2.701769682087222,4.4,0.0
2.701769682087222,4.800000000000001,0.0
2.701769682087222,5.200000000000001,0.0
2.701769682087222,5.600000000000001,0.0
2.701769682087222,6.0,0.0
2.701769682087222,6.400000000000002,0.0
2.701769682087222,6.800000000000001,0.0
2.701769682087222,7.199999999999999,0.0
2.701769682087222,7.600000000000001,0.0
2.701769682087222,8.0,0.0
2.701769682087222,8.400000000000002,0.0
2.701769682087222,8.8,0.0
2.701769682087222,9.200000000000003,0.0
2.701769682087222,9.600000000000001,0.0
2.701769682087222,10.0,0.0
2.73318560862312,-10.0,0.0
2.73318560862312,-9.6,0.0
2.73318560862312,-9.2,0.0
2.73318560862312,-8.8,0.0
2.73318560862312,-8.4,0.0
2.73318560862312,-8.0,0.0
2.73318560862312,-7.6,0.0
2.73318560862312,-7.199999999999999,0.0
2.73318560862312,-6.8,0.0
2.73318560862312,-6.4,0.0
2.73318560862312,-6.0,0.0
2.73318560862312,-5.6,0.0
2.73318560862312,-5.199999999999999,0.0
2.73318560862312,-4.8,0.0
2.73318560862312,-4.3999999999999995,0.0
2.73318560862312,-4.0,0.0
2.73318560862312,-3.5999999999999996,0.0
2.73318560862312,-3.1999999999999993,0.0
2.73318560862312,-2.8,0.0
2.73318560862312,-2.3999999999999995,0.0
2.73318560862312,-2.0,0.0
2.73318560862312,-1.5999999999999996,0.0
2.73318560862312,-1.1999999999999993,0.0
2.73318560862312,3.6000000000000014,0.0
2.73318560862312,4.0,0.0
2.73318560862312,4.4,0.0
2.73318560862312,4.800000000000001,0.0
2.73318560862312,5.200000000000001,0.0
2.73318560862312,5.600000000000001,0.0
2.73318560862312,6.0,0.0
2.73318560862312,6.400000000000002,0.0
2.73318560862312,6.800000000000001,0.0
2.73318560862312,7.199999999999999,0.0
2.73318560862312,7.600000000000001,0.0
2.73318560862312,8.0,0.0
2.73318560862312,8.400000000000002,0.0
2.73318560862312,8.8,0.0
2.73318560862312,9.200000000000003,0.0
2.73318560862312,9.600000000000001,0.0
2.73318560862312,10.0,0.0
2.764601535159018,-10.0,0.0
2.764601535159018,-9.6,0.0
2.764601535159018,-9.2,0.0
2.764601535159018,-8.8,0.0
2.764601535159018,-8.4,0.0
2.764601535159018,-8.0,0.0
2.764601535159018,-7.6,0.0
2.764601535159018,-7.199999999999999,0.0
2.764601535159018,-6.8,0.0
2.764601535159018,-6.4,0.0
2.764601535159018,-6.0,0.0
2.764601535159018,-5.6,0.0
2.764601535159018,-5.199999999999999,0.0
2.764601535159018,-4.8,0.0
2.764601535159018,-4.3999999999999995,0.0
2.764601535159018,-4.0,0.0
2.764601535159018,-3.5999999999999996,0.0
2.764601535159018,-3.1999999999999993,0.0
2.764601535159018,-2.8,0.0
2.764601535159018,-2.3999999999999995,0.0
2.764601535159018,-2.0,0.0
2.764601535159018,-1.5999999999999996,0.0
2.764601535159018,-1.1999999999999993,0.0
2.764601535159018,3.6000000000000014,0.0
2.764601535159018,4.0,0.0
2.764601535159018,4.4,0.0
2.764601535159018,4.800000000000001,0.0
2.764601535159018,5.200000000000001,0.0
2.764601535159018,5.600000000000001,0.0
2.764601535159018,6.0,0.0
2.764601535159018,6.400000000000002,0.0
2.764601535159018,6.800000000000001,0.0
2.764601535159018,7.199999999999999,0.0
2.764601535159018,7.600000000000001,0.0
2.764601535159018,8.0,0.0
2.764601535159018,8.400000000000002,0.0
2.764601535159018,8.8,0.0
2.764601535159018,9.200000000000003,0.0
2.764601535159018,9.600000000000001,0.0
2.764601535159018,10.0,0.0
2.796017461694916,-10.0,0.0
2.796017461694916,-9.6,0.0
2.796017461694916,-9.2,0.0
2.796017461694916,-8.8,0.0
2.796017461694916,-8.4,0.0
2.796017461694916,-8.0,0.0
2.796017461694916,-7.6,0.0
2.796017461694916,-7.199999999999999,0.0
2.796017461694916,-6.8,0.0
2.796017461694916,-6.4,0.0
2.796017461694916,-6.0,0.0
2.796017461694916,-5.6,0.0
2.796017461694916,-5.199999999999999,0.0
2.796017461694916,-4.8,0.0
2.796017461694916,-4.3999999999999995,0.0
2.796017461694916,-4.0,0.0
2.796017461694916,-3.5999999999999996,0.0
2.796017461694916,-3.1999999999999993,0.0
2.796017461694916,-2.8,0.0
2.796017461694916,-2.3999999999999995,0.0
2.796017461694916,-2.0,0.0
2.796017461694916,-1.5999999999999996,0.0
2.796017461694916,3.6000000000000014,0.0
2.796017461694916,4.0,0.0
2.796017461694916,4.4,0.0
2.796017461694916,4.800000000000001,0.0
2.796017461694916,5.200000000000001,0.0
2.796017461694916,5.600000000000001,0.0
2.796017461694916,6.0,0.0
2.796017461694916,6.400000000000002,0.0
2.796017461694916,6.800000000000001,0.0
2.796017461694916,7.199999999999999,0.0
2.796017461694916,7.600000000000001,0.0
2.796017461694916,8.0,0.0
2.796017461694916,8.400000000000002,0.0
2.796017461694916,8.8,0.0
2.796017461694916,9.200000000000003,0.0
2.796017461694916,9.600000000000001,0.0
2.796017461694916,10.0,0.0
2.827433388230814,-10.0,0.0
2.827433388230814,-9.6,0.0
2.827433388230814,-9.2,0.0
2.827433388230814,-8.8,0.0
2.827433388230814,-8.4,0.0
2.827433388230814,-8.0,0.0
2.827433388230814,-7.6,0.0
2.827433388230814,-7.199999999999999,0.0
2.827433388230814,-6.8,0.0
2.827433388230814,-6.4,0.0
2.827433388230814,-6.0,0.0
2.827433388230814,-5.6,0.0
2.827433388230814,-5.199999999999999,0.0
2.827433388230814,-4.8,0.0
2.827433388230814,-4.3999999999999995,0.0
2.827433388230814,-4.0,0.0
2.827433388230814,-3.5999999999999996,0.0
2.827433388230814,-3.1999999999999993,0.0
2.827433388230814,-2.8,0.0
2.827433388230814,-2.3999999999999995,0.0
2.827433388230814,-2.0,0.0
2.827433388230814,-1.5999999999999996,0.0
2.827433388230814,3.6000000000000014,0.0
2.827433388230814,4.0,0.0
2.827433388230814,4.4,0.0
2.827433388230814,4.800000000000001,0.0
2.827433388230814,5.200000000000001,0.0
2.827433388230814,5.600000000000001,0.0
2.827433388230814,6.0,0.0
2.827433388230814,6.400000000000002,0.0
2.827433388230814,6.800000000000001,0.0
2.827433388230814,7.199999999999999,0.0
2.827433388230814,7.600000000000001,0.0
2.827433388230814,8.0,0.0
2.827433388230814,8.400000000000002,0.0
2.827433388230814,8.8,0.0
2.827433388230814,9.200000000000003,0.0
2.827433388230814,9.600000000000001,0.0
2.827433388230814,10.0,0.0
2.8588493147667116,-10.0,0.0
2.8588493147667116,-9.6,0.0
2.8588493147667116,-9.2,0.0
2.8588493147667116,-8.8,0.0
2.8588493147667116,-8.4,0.0
2.8588493147667116,-8.0,0.0
2.8588493147667116,-7.6,0.0
2.8588493147667116,-7.199999999999999,0.0
2.8588493147667116,-6.8,0.0
2.8588493147667116,-6.4,0.0
2.8588493147667116,-6.0,0.0
2.8588493147667116,-5.6,0.0
2.8588493147667116,-5.199999999999999,0.0
2.8588493147667116,-4.8,0.0
2.8588493147667116,-4.3999999999999995,0.0
2.8588493147667116,-4.0,0.0
2.8588493147667116,-3.5999999999999996,0.0
2.8588493147667116,-3.1999999999999993,0.0
2.8588493147667116,-2.8,0.0
2.8588493147667116,-2.3999999999999995,0.0
2.8588493147667116,-2.0,0.0
2.8588493147667116,-1.5999999999999996,0.0
2.8588493147667116,3.200000000000001,0.0
2.8588493147667116,3.6000000000000014,0.0
2.8588493147667116,4.0,0.0
2.8588493147667116,4.4,0.0
2.8588493147667116,4.800000000000001,0.0
2.8588493147667116,5.200000000000001,0.0
2.8588493147667116,5.600000000000001,0.0
2.8588493147667116,6.0,0.0
2.8588493147667116,6.400000000000002,0.0
2.8588493147667116,6.800000000000001,0.0
2.8588493147667116,7.199999999999999,0.0
2.8588493147667116,7.600000000000001,0.0
2.8588493147667116,8.0,0.0
2.8588493147667116,8.400000000000002,0.0
2.8588493147667116,8.8,0.0
2.8588493147667116,9.200000000000003,0.0
2.8588493147667116,9.600000000000001,0.0
2.8588493147667116,10.0,0.0
2.8902652413026098,-10.0,0.0
2.8902652413026098,-9.6,0.0
2.8902652413026098,-9.2,0.0
2.8902652413026098,-8.8,0.0
2.8902652413026098,-8.4,0.0
2.8902652413026098,-8.0,0.0
2.8902652413026098,-7.6,0.0
2.8902652413026098,-7.199999999999999,0.0
2.8902652413026098,-6.8,0.0
2.8902652413026098,-6.4,0.0
2.8902652413026098,-6.0,0.0
2.8902652413026098,-5.6,0.0
2.8902652413026098,-5.199999999999999,0.0
2.8902652413026098,-4.8,0.0
2.8902652413026098,-4.3999999999999995,0.0
2.8902652413026098,-4.0,0.0
2.8902652413026098,-3.5999999999999996,0.0
2.8902652413026098,-3.1999999999999993,0.0
2.8902652413026098,-2.8,0.0
2.8902652413026098,-2.3999999999999995,0.0
2.8902652413026098,-2.0,0.0
2.8902652413026098,-1.5999999999999996,0.0
2.8902652413026098,3.200000000000001,0.0
2.8902652413026098,3.6000000000000014,0.0
2.8902652413026098,4.0,0.0
2.8902652413026098,4.4,0.0
2.8902652413026098,4.800000000000001,0.0
2.8902652413026098,5.200000000000001,0.0
2.8902652413026098,5.600000000000001,0.0
2.8902652413026098,6.0,0.0
2.8902652413026098,6.400000000000002,0.0
2.8902652413026098,6.800000000000001,0.0
2.8902652413026098,7.199999999999999,0.0
2.8902652413026098,7.600000000000001,0.0
2.8902652413026098,8.0,0.0
2.8902652413026098,8.400000000000002,0.0
2.8902652413026098,8.8,0.0
2.8902652413026098,9.200000000000003,0.0
2.8902652413026098,9.600000000000001,0.0
2.8902652413026098,10.0,0.0
2.9216811678385075,-10.0,0.0
2.9216811678385075,-9.6,0.0
2.9216811678385075,-9.2,0.0
2.9216811678385075,-8.8,0.0
2.9216811678385075,-8.4,0.0
2.9216811678385075,-8.0,0.0
2.9216811678385075,-7.6,0.0
2.9216811678385075,-7.199999999999999,0.0
2.9216811678385075,-6.8,0.0
2.9216811678385075,-6.4,0.0
2.9216811678385075,-6.0,0.0
2.9216811678385075,-5.6,0.0
2.9216811678385075,-5.199999999999999,0.0
2.9216811678385075,-4.8,0.0
2.9216811678385075,-4.3999999999999995,0.0
2.9216811678385075,-4.0,0.0
2.9216811678385075,-3.5999999999999996,0.0
2.9216811678385075,-3.1999999999999993,0.0
2.9216811678385075,-2.8,0.0
2.9216811678385075,-2.3999999999999995,0.0
2.9216811678385075,-2.0,0.0
2.9216811678385075,-1.5999999999999996,0.0
2.9216811678385075,3.200000000000001,0.0
2.9216811678385075,3.6000000000000014,0.0
2.9216811678385075,4.0,0.0
2.9216811678385075,4.4,0.0
2.9216811678385075,4.800000000000001,0.0
2.9216811678385075,5.200000000000001,0.0
2.9216811678385075,5.600000000000001,0.0
2.9216811678385075,6.0,0.0
2.9216811678385075,6.400000000000002,0.0
2.9216811678385075,6.800000000000001,0.0
2.9216811678385075,7.199999999999999,0.0
2.9216811678385075,7.600000000000001,0.0
2.9216811678385075,8.0,0.0
2.9216811678385075,8.400000000000002,0.0
2.9216811678385075,8.8,0.0
2.9216811678385075,9.200000000000003,0.0
2.9216811678385075,9.600000000000001,0.0
2.9216811678385075,10.0,0.0
2.9530970943744057,-10.0,0.0
2.9530970943744057,-9.6,0.0
2.9530970943744057,-9.2,0.0
2.9530970943744057,-8.8,0.0
2.9530970943744057,-8.4,0.0
2.9530970943744057,-8.0,0.0
2.9530970943744057,-7.6,0.0
2.9530970943744057,-7.199999999999999,0.0
2.9530970943744057,-6.8,0.0
2.9530970943744057,-6.4,0.0
2.9530970943744057,-6.0,0.0
2.9530970943744057,-5.6,0.0
2.9530970943744057,-5.199999999999999,0.0
2.9530970943744057,-4.8,0.0
2.9530970943744057,-4.3999999999999995,0.0
2.9530970943744057,-4.0,0.0
2.9530970943744057,-3.5999999999999996,0.0
2.9530970943744057,-3.1999999999999993,0.0
2.9530970943744057,-2.8,0.0
2.9530970943744057,-2.3999999999999995,0.0
2.9530970943744057,-2.0,0.0
2.9530970943744057,3.200000000000001,0.0
2.9530970943744057,3.6000000000000014,0.0
2.9530970943744057,4.0,0.0
2.9530970943744057,4.4,0.0
2.9530970943744057,4.800000000000001,0.0
2.9530970943744057,5.200000000000001,0.0
2.9530970943744057,5.600000000000001,0.0
2.9530970943744057,6.0,0.0
2.9530970943744057,6.400000000000002,0.0
2.9530970943744057,6.800000000000001,0.0
2.9530970943744057,7.199999999999999,0.0
2.9530970943744057,7.600000000000001,0.0
2.9530970943744057,8.0,0.0
2.9530970943744057,8.400000000000002,0.0
2.9530970943744057,8.8,0.0
2.9530970943744057,9.200000000000003,0.0
2.9530970943744057,9.600000000000001,0.0
2.9530970943744057,10.0,0.0
2.9845130209103035,-10.0,0.0
2.9845130209103035,-9.6,0.0
2.9845130209103035,-9.2,0.0
2.9845130209103035,-8.8,0.0
2.9845130209103035,-8.4,0.0
2.9845130209103035,-8.0,0.0
2.9845130209103035,-7.6,0.0
2.9845130209103035,-7.199999999999999,0.0
2.9845130209103035,-6.8,0.0
2.9845130209103035,-6.4,0.0
2.9845130209103035,-6.0,0.0
2.9845130209103035,-5.6,0.0
2.9845130209103035,-5.199999999999999,0.0
2.9845130209103035,-4.8,0.0
2.9845130209103035,-4.3999999999999995,0.0
2.9845130209103035,-4.0,0.0
2.9845130209103035,-3.5999999999999996,0.0
2.9845130209103035,-3.1999999999999993,0.0
2.9845130209103035,-2.8,0.0
2.9845130209103035,-2.3999999999999995,0.0
2.9845130209103035,-2.0,0.0
2.9845130209103035,2.8000000000000007,0.0
2.9845130209103035,3.200000000000001,0.0
2.9845130209103035,3.6000000000000014,0.0
2.9845130209103035,4.0,0.0
2.9845130209103035,4.4,0.0
2.9845130209103035,4.800000000000001,0.0
2.9845130209103035,5.200000000000001,0.0
2.9845130209103035,5.600000000000001,0.0
2.9845130209103035,6.0,0.0
2.9845130209103035,6.400000000000002,0.0
2.9845130209103035,6.800000000000001,0.0
2.9845130209103035,7.199999999999999,0.0
2.9845130209103035,7.600000000000001,0.0
2.9845130209103035,8.0,0.0
2.9845130209103035,8.400000000000002,0.0
2.9845130209103035,8.8,0.0
2.9845130209103035,9.200000000000003,0.0
2.9845130209103035,9.600000000000001,0.0
2.9845130209103035,10.0,0.0
3.015928947446201,-10.0,0.0
3.015928947446201,-9.6,0.0
3.015928947446201,-9.2,0.0
3.015928947446201,-8.8,0.0
3.015928947446201,-8.4,0.0
3.015928947446201,-8.0,0.0
3.015928947446201,-7.6,0.0
3.015928947446201,-7.199999999999999,0.0
3.015928947446201,-6.8,0.0
3.015928947446201,-6.4,0.0
3.015928947446201,-6.0,0.0
3.015928947446201,-5.6,0.0
3.015928947446201,-5.199999999999999,0.0
3.015928947446201,-4.8,0.0
3.015928947446201,-4.3999999999999995,0.0
3.015928947446201,-4.0,0.0
3.015928947446201,-3.5999999999999996,0.0
3.015928947446201,-3.1999999999999993,0.0
3.015928947446201,-2.8,0.0
3.015928947446201,-2.3999999999999995,0.0
3.015928947446201,-2.0,0.0
3.015928947446201,2.8000000000000007,0.0
3.015928947446201,3.200000000000001,0.0
3.015928947446201,3.6000000000000014,0.0
3.015928947446201,4.0,0.0
3.015928947446201,4.4,0.0
3.015928947446201,4.800000000000001,0.0
3.015928947446201,5.200000000000001,0.0
3.015928947446201,5.600000000000001,0.0
3.015928947446201,6.0,0.0
3.015928947446201,6.400000000000002,0.0
3.015928947446201,6.800000000000001,0.0
3.015928947446201,7.199999999999999,0.0
3.015928947446201,7.600000000000001,0.0
3.015928947446201,8.0,0.0
3.015928947446201,8.400000000000002,0.0
3.015928947446201,8.8,0.0
3.015928947446201,9.200000000000003,0.0
3.015928947446201,9.600000000000001,0.0
3.015928947446201,10.0,0.0
3.0473448739820994,-10.0,0.0
3.0473448739820994,-9.6,0.0
3.0473448739820994,-9.2,0.0
3.0473448739820994,-8.8,0.0
3.0473448739820994,-8.4,0.0
3.0473448739820994,-8.0,0.0
3.0473448739820994,-7.6,0.0
3.0473448739820994,-7.199999999999999,0.0
3.0473448739820994,-6.8,0.0
3.0473448739820994,-6.4,0.0
3.0473448739820994,-6.0,0.0
3.0473448739820994,-5.6,0.0
3.0473448739820994,-5.199999999999999,0.0
3.0473448739820994,-4.8,0.0
3.0473448739820994,-4.3999999999999995,0.0
3.0473448739820994,-4.0,0.0
3.0473448739820994,-3.5999999999999996,0.0
3.0473448739820994,-3.1999999999999993,0.0
3.0473448739820994,-2.8,0.0
3.0473448739820994,-2.3999999999999995,0.0
3.0473448739820994,-2.0,0.0
3.0473448739820994,2.8000000000000007,0.0
3.0473448739820994,3.200000000000001,0.0
3.0473448739820994,3.6000000000000014,0.0
3.0473448739820994,4.0,0.0
3.0473448739820994,4.4,0.0
3.0473448739820994,4.800000000000001,0.0
3.0473448739820994,5.200000000000001,0.0
3.0473448739820994,5.600000000000001,0.0
3.0473448739820994,6.0,0.0
3.0473448739820994,6.400000000000002,0.0
3.0473448739820994,6.800000000000001,0.0
3.0473448739820994,7.199999999999999,0.0
3.0473448739820994,7.600000000000001,0.0
3.0473448739820994,8.0,0.0
3.0473448739820994,8.400000000000002,0.0
3.0473448739820994,8.8,0.0
3.0473448739820994,9.200000000000003,0.0
3.0473448739820994,9.600000000000001,0.0
3.0473448739820994,10.0,0.0
3.078760800517997,-10.0,0.0
3.078760800517997,-9.6,0.0
3.078760800517997,-9.2,0.0
3.078760800517997,-8.8,0.0
3.078760800517997,-8.4,0.0
3.078760800517997,-8.0,0.0
3.078760800517997,-7.6,0.0
3.078760800517997,-7.199999999999999,0.0
3.078760800517997,-6.8,0.0
3.078760800517997,-6.4,0.0
3.078760800517997,-6.0,0.0
3.078760800517997,-5.6,0.0
3.078760800517997,-5.199999999999999,0.0
3.078760800517997,-4.8,0.0
3.078760800517997,-4.3999999999999995,0.0
3.078760800517997,-4.0,0.0
3.078760800517997,-3.5999999999999996,0.0
3.078760800517997,-3.1999999999999993,0.0
3.078760800517997,-2.8,0.0
3.078760800517997,-2.3999999999999995,0.0
3.078760800517997,2.8000000000000007,0.0
3.078760800517997,3.200000000000001,0.0
3.078760800517997,3.6000000000000014,0.0
3.078760800517997,4.0,0.0
3.078760800517997,4.4,0.0
3.078760800517997,4.800000000000001,0.0
3.078760800517997,5.200000000000001,0.0
3.078760800517997,5.600000000000001,0.0
3.078760800517997,6.0,0.0
3.078760800517997,6.400000000000002,0.0
3.078760800517997,6.800000000000001,0.0
3.078760800517997,7.199999999999999,0.0
3.078760800517997,7.600000000000001,0.0
3.078760800517997,8.0,0.0
3.078760800517997,8.400000000000002,0.0
3.078760800517997,8.8,0.0
3.078760800517997,9.200000000000003,0.0
3.078760800517997,9.600000000000001,0.0
3.078760800517997,10.0,0.0
3.1101767270538954,-10.0,0.0
3.1101767270538954,-9.6,0.0
3.1101767270538954,-9.2,0.0
3.1101767270538954,-8.8,0.0
3.1101767270538954,-8.4,0.0
3.1101767270538954,-8.0,0.0
3.1101767270538954,-7.6,0.0
3.1101767270538954,-7.199999999999999,0.0
3.1101767270538954,-6.8,0.0
3.1101767270538954,-6.4,0.0
3.1101767270538954,-6.0,0.0
3.1101767270538954,-5.6,0.0
3.1101767270538954,-5.199999999999999,0.0
3.1101767270538954,-4.8,0.0
3.1101767270538954,-4.3999999999999995,0.0
3.1101767270538954,-4.0,0.0
3.1101767270538954,-3.5999999999999996,0.0
3.1101767270538954,-3.1999999999999993,0.0
3.1101767270538954,-2.8,0.0
3.1101767270538954,-2.3999999999999995,0.0
3.1101767270538954,2.4000000000000004,0.0
3.1101767270538954,2.8000000000000007,0.0
3.1101767270538954,3.200000000000001,0.0
3.1101767270538954,3.6000000000000014,0.0
3.1101767270538954,4.0,0.0
3.1101767270538954,4.4,0.0
3.1101767270538954,4.800000000000001,0.0
3.1101767270538954,5.200000000000001,0.0
3.1101767270538954,5.600000000000001,0.0
3.1101767270538954,6.0,0.0
3.1101767270538954,6.400000000000002,0.0
3.1101767270538954,6.800000000000001,0.0
3.1101767270538954,7.199999999999999,0.0
3.1101767270538954,7.600000000000001,0.0
3.1101767270538954,8.0,0.0
3.1101767270538954,8.400000000000002,0.0
3.1101767270538954,8.8,0.0
3.1101767270538954,9.200000000000003,0.0
3.1101767270538954,9.600000000000001,0.0
3.1101767270538954,10.0,0.0
3.141592653589793,-10.0,0.0
3.141592653589793,-9.6,0.0
3.141592653589793,-9.2,0.0
3.141592653589793,-8.8,0.0
3.141592653589793,-8.4,0.0
3.141592653589793,-8.0,0.0
3.141592653589793,-7.6,0.0
3.141592653589793,-7.199999999999999,0.0
3.141592653589793,-6.8,0.0
3.141592653589793,-6.4,0.0
3.141592653589793,-6.0,0.0
3.141592653589793,-5.6,0.0
3.141592653589793,-5.199999999999999,0.0
3.141592653589793,-4.8,0.0
3.141592653589793,-4.3999999999999995,0.0
3.141592653589793,-4.0,0.0
3.141592653589793,-3.5999999999999996,0.0
3.141592653589793,-3.1999999999999993,0.0
3.141592653589793,-2.8,0.0
3.141592653589793,-2.3999999999999995,0.0
3.141592653589793,2.4000000000000004,0.0
3.141592653589793,2.8000000000000007,0.0
3.141592653589793,3.200000000000001,0.0
3.141592653589793,3.6000000000000014,0.0
3.141592653589793,4.0,0.0
3.141592653589793,4.4,0.0
3.141592653589793,4.800000000000001,0.0
3.141592653589793,5.200000000000001,0.0
3.141592653589793,5.600000000000001,0.0
3.141592653589793,6.0,0.0
3.141592653589793,6.400000000000002,0.0
3.141592653589793,6.800000000000001,0.0
3.141592653589793,7.199999999999999,0.0
3.141592653589793,7.600000000000001,0.0
3.141592653589793,8.0,0.0
3.141592653589793,8.400000000000002,0.0
3.141592653589793,8.8,0.0
3.141592653589793,9.200000000000003,0.0
3.141592653589793,9.600000000000001,0.0
3.141592653589793,10.0,0.0
3.173008580125691,-10.0,0.0
3.173008580125691,-9.6,0.0
3.173008580125691,-9.2,0.0
3.173008580125691,-8.8,0.0
3.173008580125691,-8.4,0.0
3.173008580125691,-8.0,0.0
3.173008580125691,-7.6,0.0
3.173008580125691,-7.199999999999999,0.0
3.173008580125691,-6.8,0.0
3.173008580125691,-6.4,0.0
3.173008580125691,-6.0,0.0
3.173008580125691,-5.6,0.0
3.173008580125691,-5.199999999999999,0.0
3.173008580125691,-4.8,0.0
3.173008580125691,-4.3999999999999995,0.0
3.173008580125691,-4.0,0.0
3.173008580125691,-3.5999999999999996,0.0
3.173008580125691,-3.1999999999999993,0.0
3.173008580125691,-2.8,0.0
3.173008580125691,-2.3999999999999995,0.0
3.173008580125691,2.4000000000000004,0.0
3.173008580125691,2.8000000000000007,0.0
3.173008580125691,3.200000000000001,0.0
3.173008580125691,3.6000000000000014,0.0
3.173008580125691,4.0,0.0
3.173008580125691,4.4,0.0
3.173008580125691,4.800000000000001,0.0
3.173008580125691,5.200000000000001,0.0
3.173008580125691,5.600000000000001,0.0
3.173008580125691,6.0,0.0
3.173008580125691,6.400000000000002,0.0
3.173008580125691,6.800000000000001,0.0
3.173008580125691,7.199999999999999,0.0
3.173008580125691,7.600000000000001,0.0
3.173008580125691,8.0,0.0
3.173008580125691,8.400000000000002,0.0
3.173008580125691,8.8,0.0
3.173008580125691,9.200000000000003,0.0
3.173008580125691,9.600000000000001,0.0
3.173008580125691,10.0,0.0
3.204424506661589,-10.0,0.0
3.204424506661589,-9.6,0.0
3.204424506661589,-9.2,0.0
3.204424506661589,-8.8,0.0
3.204424506661589,-8.4,0.0
3.204424506661589,-8.0,0.0
3.204424506661589,-7.6,0.0
3.204424506661589,-7.199999999999999,0.0
3.204424506661589,-6.8,0.0
3.204424506661589,-6.4,0.0
3.204424506661589,-6.0,0.0
3.204424506661589,-5.6,0.0
3.204424506661589,-5.199999999999999,0.0
3.204424506661589,-4.8,0.0
3.204424506661589,-4.3999999999999995,0.0
3.204424506661589,-4.0,0.0
3.204424506661589,-3.5999999999999996,0.0
3.204424506661589,-3.1999999999999993,0.0
3.204424506661589,-2.8,0.0
3.204424506661589,2.4000000000000004,0.0
3.204424506661589,2.8000000000000007,0.0
3.204424506661589,3.200000000000001,0.0
3.204424506661589,3.6000000000000014,0.0
3.204424506661589,4.0,0.0
3.204424506661589,4.4,0.0
3.204424506661589,4.800000000000001,0.0
3.204424506661589,5.200000000000001,0.0
3.204424506661589,5.600000000000001,0.0
3.204424506661589,6.0,0.0
3.204424506661589,6.400000000000002,0.0
3.204424506661589,6.800000000000001,0.0
3.204424506661589,7.199999999999999,0.0
3.204424506661589,7.600000000000001,0.0
3.204424506661589,8.0,0.0
3.204424506661589,8.400000000000002,0.0
3.204424506661589,8.8,0.0
3.204424506661589,9.200000000000003,0.0
3.204424506661589,9.600000000000001,0.0
3.204424506661589,10.0,0.0
3.2358404331974873,-10.0,0.0
3.2358404331974873,-9.6,0.0
3.2358404331974873,-9.2,0.0
3.2358404331974873,-8.8,0.0
3.2358404331974873,-8.4,0.0
3.2358404331974873,-8.0,0.0
3.2358404331974873,-7.6,0.0
3.2358404331974873,-7.199999999999999,0.0
3.2358404331974873,-6.8,0.0
3.2358404331974873,-6.4,0.0
3.2358404331974873,-6.0,0.0
3.2358404331974873,-5.6,0.0
3.2358404331974873,-5.199999999999999,0.0
3.2358404331974873,-4.8,0.0
3.2358404331974873,-4.3999999999999995,0.0
3.2358404331974873,-4.0,0.0
3.2358404331974873,-3.5999999999999996,0.0
3.2358404331974873,-3.1999999999999993,0.0
3.2358404331974873,-2.8,0.0
3.2358404331974873,2.0,0.0
3.2358404331974873,2.4000000000000004,0.0
3.2358404331974873,2.8000000000000007,0.0
3.2358404331974873,3.200000000000001,0.0
3.2358404331974873,3.6000000000000014,0.0
3.2358404331974873,4.0,0.0
3.2358404331974873,4.4,0.0
3.2358404331974873,4.800000000000001,0.0
3.2358404331974873,5.200000000000001,0.0
3.2358404331974873,5.600000000000001,0.0
3.2358404331974873,6.0,0.0
3.2358404331974873,6.400000000000002,0.0
3.2358404331974873,6.800000000000001,0.0
3.2358404331974873,7.199999999999999,0.0
3.2358404331974873,7.600000000000001,0.0
3.2358404331974873,8.0,0.0
3.2358404331974873,8.400000000000002,0.0
3.2358404331974873,8.8,0.0
3.2358404331974873,9.200000000000003,0.0
3.2358404331974873,9.600000000000001,0.0
3.2358404331974873,10.0,0.0
3.267256359733385,-10.0,0.0
3.267256359733385,-9.6,0.0
3.267256359733385,-9.2,0.0
3.267256359733385,-8.8,0.0
3.267256359733385,-8.4,0.0
3.267256359733385,-8.0,0.0
3.267256359733385,-7.6,0.0
3.267256359733385,-7.199999999999999,0.0
3.267256359733385,-6.8,0.0
3.267256359733385,-6.4,0.0
3.267256359733385,-6.0,0.0
3.267256359733385,-5.6,0.0
3.267256359733385,-5.199999999999999,0.0
3.267256359733385,-4.8,0.0
3.267256359733385,-4.3999999999999995,0.0
3.267256359733385,-4.0,0.0
3.267256359733385,-3.5999999999999996,0.0
3.267256359733385,-3.1999999999999993,0.0
3.267256359733385,-2.8,0.0
3.267256359733385,2.0,0.0
3.267256359733385,2.4000000000000004,0.0
3.267256359733385,2.8000000000000007,0.0
3.267256359733385,3.200000000000001,0.0
3.267256359733385,3.6000000000000014,0.0
3.267256359733385,4.0,0.0
3.267256359733385,4.4,0.0
3.267256359733385,4.800000000000001,0.0
3.267256359733385,5.200000000000001,0.0
3.267256359733385,5.600000000000001,0.0
3.267256359733385,6.0,0.0
3.267256359733385,6.400000000000002,0.0
3.267256359733385,6.800000000000001,0.0
3.267256359733385,7.199999999999999,0.0
3.267256359733385,7.600000000000001,0.0
3.267256359733385,8.0,0.0
3.267256359733385,8.400000000000002,0.0
3.267256359733385,8.8,0.0
3.267256359733385,9.200000000000003,0.0
3.267256359733385,9.600000000000001,0.0
3.267256359733385,10.0,0.0
3.2986722862692828,-10.0,0.0
3.2986722862692828,-9.6,0.0
3.2986722862692828,-9.2,0.0
3.2986722862692828,-8.8,0.0
3.2986722862692828,-8.4,0.0
3.2986722862692828,-8.0,0.0
3.2986722862692828,-7.6,0.0
3.2986722862692828,-7.199999999999999,0.0
3.2986722862692828,-6.8,0.0
3.2986722862692828,-6.4,0.0
3.2986722862692828,-6.0,0.0
3.2986722862692828,-5.6,0.0
3.2986722862692828,-5.199999999999999,0.0
3.2986722862692828,-4.8,0.0
3.2986722862692828,-4.3999999999999995,0.0
3.2986722862692828,-4.0,0.0
3.2986722862692828,-3.5999999999999996,0.0
3.2986722862692828,-3.1999999999999993,0.0
3.2986722862692828,-2.8,0.0
3.2986722862692828,2.0,0.0
3.2986722862692828,2.4000000000000004,0.0
3.2986722862692828,2.8000000000000007,0.0
3.2986722862692828,3.200000000000001,0.0
3.2986722862692828,3.6000000000000014,0.0
3.2986722862692828,4.0,0.0
3.2986722862692828,4.4,0.0
3.2986722862692828,4.800000000000001,0.0
3.2986722862692828,5.200000000000001,0.0
3.2986722862692828,5.600000000000001,0.0
3.2986722862692828,6.0,0.0
3.2986722862692828,6.400000000000002,0.0
3.2986722862692828,6.800000000000001,0.0
3.2986722862692828,7.199999999999999,0.0
3.2986722862692828,7.600000000000001,0.0
3.2986722862692828,8.0,0.0
3.2986722862692828,8.400000000000002,0.0
3.2986722862692828,8.8,0.0
3.2986722862692828,9.200000000000003,0.0
3.2986722862692828,9.600000000000001,0.0
3.2986722862692828,10.0,0.0
3.3300882128051805,-10.0,0.0
3.3300882128051805,-9.6,0.0
3.3300882128051805,-9.2,0.0
3.3300882128051805,-8.8,0.0
3.3300882128051805,-8.4,0.0
3.3300882128051805,-8.0,0.0
3.3300882128051805,-7.6,0.0
3.3300882128051805,-7.199999999999999,0.0
3.3300882128051805,-6.8,0.0
3.3300882128051805,-6.4,0.0
3.3300882128051805,-6.0,0.0
3.3300882128051805,-5.6,0.0
3.3300882128051805,-5.199999999999999,0.0
3.3300882128051805,-4.8,0.0
3.3300882128051805,-4.3999999999999995,0.0
3.3300882128051805,-4.0,0.0
3.3300882128051805,-3.5999999999999996,0.0
3.3300882128051805,-3.1999999999999993,0.0
3.3300882128051805,2.0,0.0
3.3300882128051805,2.4000000000000004,0.0
3.3300882128051805,2.8000000000000007,0.0
3.3300882128051805,3.200000000000001,0.0
3.3300882128051805,3.6000000000000014,0.0
3.3300882128051805,4.0,0.0
3.3300882128051805,4.4,0.0
3.3300882128051805,4.800000000000001,0.0
3.3300882128051805,5.200000000000001,0.0
3.3300882128051805,5.600000000000001,0.0
3.3300882128051805,6.0,0.0
3.3300882128051805,6.400000000000002,0.0
3.3300882128051805,6.800000000000001,0.0
3.3300882128051805,7.199999999999999,0.0
3.3300882128051805,7.600000000000001,0.0
3.3300882128051805,8.0,0.0
3.3300882128051805,8.400000000000002,0.0
3.3300882128051805,8.8,0.0
3.3300882128051805,9.200000000000003,0.0
3.3300882128051805,9.600000000000001,0.0
3.3300882128051805,10.0,0.0
3.3615041393410787,-10.0,0.0
3.3615041393410787,-9.6,0.0
3.3615041393410787,-9.2,0.0
3.3615041393410787,-8.8,0.0
3.3615041393410787,-8.4,0.0
3.3615041393410787,-8.0,0.0
3.3615041393410787,-7.6,0.0
3.3615041393410787,-7.199999999999999,0.0
3.3615041393410787,-6.8,0.0
3.3615041393410787,-6.4,0.0
3.3615041393410787,-6.0,0.0
3.3615041393410787,-5.6,0.0
3.3615041393410787,-5.199999999999999,0.0
3.3615041393410787,-4.8,0.0
3.3615041393410787,-4.3999999999999995,0.0
3.3615041393410787,-4.0,0.0
3.3615041393410787,-3.5999999999999996,0.0
3.3615041393410787,-3.1999999999999993,0.0
3.3615041393410787,1.6000000000000014,0.0
3.3615041393410787,2.0,0.0
3.3615041393410787,2.4000000000000004,0.0
3.3615041393410787,2.8000000000000007,0.0
3.3615041393410787,3.200000000000001,0.0
3.3615041393410787,3.6000000000000014,0.0
3.3615041393410787,4.0,0.0
3.3615041393410787,4.4,0.0
3.3615041393410787,4.800000000000001,0.0
3.3615041393410787,5.200000000000001,0.0
3.3615041393410787,5.600000000000001,0.0
3.3615041393410787,6.0,0.0
3.3615041393410787,6.400000000000002,0.0
3.3615041393410787,6.800000000000001,0.0
3.3615041393410787,7.199999999999999,0.0
3.3615041393410787,7.600000000000001,0.0
3.3615041393410787,8.0,0.0
3.3615041393410787,8.400000000000002,0.0
3.3615041393410787,8.8,0.0
3.3615041393410787,9.200000000000003,0.0
3.3615041393410787,9.600000000000001,0.0
3.3615041393410787,10.0,0.0
3.392920065876977,-10.0,0.0
3.392920065876977,-9.6,0.0
3.392920065876977,-9.2,0.0
3.392920065876977,-8.8,0.0
3.392920065876977,-8.4,0.0
3.392920065876977,-8.0,0.0
3.392920065876977,-7.6,0.0
3.392920065876977,-7.199999999999999,0.0
3.392920065876977,-6.8,0.0
3.392920065876977,-6.4,0.0
3.392920065876977,-6.0,0.0
3.392920065876977,-5.6,0.0
3.392920065876977,-5.199999999999999,0.0
3.392920065876977,-4.8,0.0
3.392920065876977,-4.3999999999999995,0.0
3.392920065876977,-4.0,0.0
3.392920065876977,-3.5999999999999996,0.0
3.392920065876977,-3.1999999999999993,0.0
3.392920065876977,1.6000000000000014,0.0
3.392920065876977,2.0,0.0
3.392920065876977,2.4000000000000004,0.0
3.392920065876977,2.8000000000000007,0.0
3.392920065876977,3.200000000000001,0.0
3.392920065876977,3.6000000000000014,0.0
3.392920065876977,4.0,0.0
3.392920065876977,4.4,0.0
3.392920065876977,4.800000000000001,0.0
3.392920065876977,5.200000000000001,0.0
3.392920065876977,5.600000000000001,0.0
3.392920065876977,6.0,0.0
3.392920065876977,6.400000000000002,0.0
3.392920065876977,6.800000000000001,0.0
3.392920065876977,7.199999999999999,0.0
3.392920065876977,7.600000000000001,0.0
3.392920065876977,8.0,0.0
3.392920065876977,8.400000000000002,0.0
3.392920065876977,8.8,0.0
3.392920065876977,9.200000000000003,0.0
3.392920065876977,9.600000000000001,0.0
3.392920065876977,10.0,0.0
3.4243359924128747,-10.0,0.0
3.4243359924128747,-9.6,0.0
3.4243359924128747,-9.2,0.0
3.4243359924128747,-8.8,0.0
3.4243359924128747,-8.4,0.0
3.4243359924128747,-8.0,0.0
3.4243359924128747,-7.6,0.0
3.4243359924128747,-7.199999999999999,0.0
3.4243359924128747,-6.8,0.0
3.4243359924128747,-6.4,0.0
3.4243359924128747,-6.0,0.0
3.4243359924128747,-5.6,0.0
3.4243359924128747,-5.199999999999999,0.0
3.4243359924128747,-4.8,0.0
3.4243359924128747,-4.3999999999999995,0.0
3.4243359924128747,-4.0,0.0
3.4243359924128747,-3.5999999999999996,0.0
3.4243359924128747,-3.1999999999999993,0.0
3.4243359924128747,1.6000000000000014,0.0
3.4243359924128747,2.0,0.0
3.4243359924128747,2.4000000000000004,0.0
3.4243359924128747,2.8000000000000007,0.0
3.4243359924128747,3.200000000000001,0.0
3.4243359924128747,3.6000000000000014,0.0
3.4243359924128747,4.0,0.0
3.4243359924128747,4.4,0.0
3.4243359924128747,4.800000000000001,0.0
3.4243359924128747,5.200000000000001,0.0
3.4243359924128747,5.600000000000001,0.0
3.4243359924128747,6.0,0.0
3.4243359924128747,6.400000000000002,0.0
3.4243359924128747,6.800000000000001,0.0
3.4243359924128747,7.199999999999999,0.0
3.4243359924128747,7.600000000000001,0.0
3.4243359924128747,8.0,0.0
3.4243359924128747,8.400000000000002,0.0
3.4243359924128747,8.8,0.0
3.4243359924128747,9.200000000000003,0.0
3.4243359924128747,9.600000000000001,0.0
3.4243359924128747,10.0,0.0
3.4557519189487724,-10.0,0.0
3.4557519189487724,-9.6,0.0
3.4557519189487724,-9.2,0.0
3.4557519189487724,-8.8,0.0
3.4557519189487724,-8.4,0.0
3.4557519189487724,-8.0,0.0
3.4557519189487724,-7.6,0.0
3.4557519189487724,-7.199999999999999,0.0
3.4557519189487724,-6.8,0.0
3.4557519189487724,-6.4,0.0
3.4557519189487724,-6.0,0.0
3.4557519189487724,-5.6,0.0
3.4557519189487724,-5.199999999999999,0.0
3.4557519189487724,-4.8,0.0
3.4557519189487724,-4.3999999999999995,0.0
3.4557519189487724,-4.0,0.0
3.4557519189487724,-3.5999999999999996,0.0
3.4557519189487724,1.6000000000000014,0.0
3.4557519189487724,2.0,0.0
3.4557519189487724,2.4000000000000004,0.0
3.4557519189487724,2.8000000000000007,0.0
3.4557519189487724,3.200000000000001,0.0
3.4557519189487724,3.6000000000000014,0.0
3.4557519189487724,4.0,0.0
3.4557519189487724,4.4,0.0
3.4557519189487724,4.800000000000001,0.0
3.4557519189487724,5.200000000000001,0.0
3.4557519189487724,5.600000000000001,0.0
3.4557519189487724,6.0,0.0
3.4557519189487724,6.400000000000002,0.0
3.4557519189487724,6.800000000000001,0.0
3.4557519189487724,7.199999999999999,0.0
3.4557519189487724,7.600000000000001,0.0
3.4557519189487724,8.0,0.0
3.4557519189487724,8.400000000000002,0.0
3.4557519189487724,8.8,0.0
3.4557519189487724,9.200000000000003,0.0
3.4557519189487724,9.600000000000001,0.0
3.4557519189487724,10.0,0.0
3.48716784548467,-10.0,0.0
3.48716784548467,-9.6,0.0
3.48716784548467,-9.2,0.0
3.48716784548467,-8.8,0.0
3.48716784548467,-8.4,0.0
3.48716784548467,-8.0,0.0
3.48716784548467,-7.6,0.0
3.48716784548467,-7.199999999999999,0.0
3.48716784548467,-6.8,0.0
3.48716784548467,-6.4,0.0
3.48716784548467,-6.0,0.0
3.48716784548467,-5.6,0.0
3.48716784548467,-5.199999999999999,0.0
3.48716784548467,-4.8,0.0
3.48716784548467,-4.3999999999999995,0.0
3.48716784548467,-4.0,0.0
3.48716784548467,-3.5999999999999996,0.0
3.48716784548467,1.6000000000000014,0.0
3.48716784548467,2.0,0.0
3.48716784548467,2.4000000000000004,0.0
3.48716784548467,2.8000000000000007,0.0
3.48716784548467,3.200000000000001,0.0
3.48716784548467,3.6000000000000014,0.0
3.48716784548467,4.0,0.0
3.48716784548467,4.4,0.0
3.48716784548467,4.800000000000001,0.0
3.48716784548467,5.200000000000001,0.0
3.48716784548467,5.600000000000001,0.0
3.48716784548467,6.0,0.0
3.48716784548467,6.400000000000002,0.0
3.48716784548467,6.800000000000001,0.0
3.48716784548467,7.199999999999999,0.0
3.48716784548467,7.600000000000001,0.0
3.48716784548467,8.0,0.0
3.48716784548467,8.400000000000002,0.0
3.48716784548467,8.8,0.0
3.48716784548467,9.200000000000003,0.0
3.48716784548467,9.600000000000001,0.0
3.48716784548467,10.0,0.0
3.5185837720205684,-10.0,0.0
3.5185837720205684,-9.6,0.0
3.5185837720205684,-9.2,0.0
3.5185837720205684,-8.8,0.0
3.5185837720205684,-8.4,0.0
3.5185837720205684,-8.0,0.0
3.5185837720205684,-7.6,0.0
3.5185837720205684,-7.199999999999999,0.0
3.5185837720205684,-6.8,0.0
3.5185837720205684,-6.4,0.0
3.5185837720205684,-6.0,0.0
3.5185837720205684,-5.6,0.0
3.5185837720205684,-5.199999999999999,0.0
3.5185837720205684,-4.8,0.0
3.5185837720205684,-4.3999999999999995,0.0
3.5185837720205684,-4.0,0.0
3.5185837720205684,-3.5999999999999996,0.0
3.5185837720205684,1.200000000000001,0.0
3.5185837720205684,1.6000000000000014,0.0
3.5185837720205684,2.0,0.0
3.5185837720205684,2.4000000000000004,0.0
3.5185837720205684,2.8000000000000007,0.0
3.5185837720205684,3.200000000000001,0.0
3.5185837720205684,3.6000000000000014,0.0
3.5185837720205684,4.0,0.0
3.5185837720205684,4.4,0.0
3.5185837720205684,4.800000000000001,0.0
3.5185837720205684,5.200000000000001,0.0
3.5185837720205684,5.600000000000001,0.0
3.5185837720205684,6.0,0.0
3.5185837720205684,6.400000000000002,0.0
3.5185837720205684,6.800000000000001,0.0
3.5185837720205684,7.199999999999999,0.0
3.5185837720205684,7.600000000000001,0.0
3.5185837720205684,8.0,0.0
3.5185837720205684,8.400000000000002,0.0
3.5185837720205684,8.8,0.0
3.5185837720205684,9.200000000000003,0.0
3.5185837720205684,9.600000000000001,0.0
3.5185837720205684,10.0,0.0
3.5499996985564666,-10.0,0.0
3.5499996985564666,-9.6,0.0
3.5499996985564666,-9.2,0.0
3.5499996985564666,-8.8,0.0
3.5499996985564666,-8.4,0.0
3.5499996985564666,-8.0,0.0
3.5499996985564666,-7.6,0.0
3.5499996985564666,-7.199999999999999,0.0
3.5499996985564666,-6.8,0.0
3.5499996985564666,-6.4,0.0
3.5499996985564666,-6.0,0.0
3.5499996985564666,-5.6,0.0
3.5499996985564666,-5.199999999999999,0.0
3.5499996985564666,-4.8,0.0
3.5499996985564666,-4.3999999999999995,0.0
3.5499996985564666,-4.0,0.0
3.5499996985564666,-3.5999999999999996,0.0
3.5499996985564666,1.200000000000001,0.0
3.5499996985564666,1.6000000000000014,0.0
3.5499996985564666,2.0,0.0
3.5499996985564666,2.4000000000000004,0.0
3.5499996985564666,2.8000000000000007,0.0
3.5499996985564666,3.200000000000001,0.0
3.5499996985564666,3.6000000000000014,0.0
3.5499996985564666,4.0,0.0
3.5499996985564666,4.4,0.0
3.5499996985564666,4.800000000000001,0.0
3.5499996985564666,5.200000000000001,0.0
3.5499996985564666,5.600000000000001,0.0
3.5499996985564666,6.0,0.0
3.5499996985564666,6.400000000000002,0.0
3.5499996985564666,6.800000000000001,0.0
3.5499996985564666,7.199999999999999,0.0
3.5499996985564666,7.600000000000001,0.0
3.5499996985564666,8.0,0.0
3.5499996985564666,8.400000000000002,0.0
3.5499996985564666,8.8,0.0
3.5499996985564666,9.200000000000003,0.0
3.5499996985564666,9.600000000000001,0.0
3.5499996985564666,10.0,0.0
3.5814156250923643,-10.0,0.0
3.5814156250923643,-9.6,0.0
3.5814156250923643,-9.2,0.0
3.5814156250923643,-8.8,0.0
3.5814156250923643,-8.4,0.0
3.5814156250923643,-8.0,0.0
3.5814156250923643,-7.6,0.0
3.5814156250923643,-7.199999999999999,0.0
3.5814156250923643,-6.8,0.0
3.5814156250923643,-6.4,0.0
3.5814156250923643,-6.0,0.0
3.5814156250923643,-5.6,0.0
3.5814156250923643,-5.199999999999999,0.0
3.5814156250923643,-4.8,0.0
3.5814156250923643,-4.3999999999999995,0.0
3.5814156250923643,-4.0,0.0
3.5814156250923643,1.200000000000001,0.0
3.5814156250923643,1.6000000000000014,0.0
3.5814156250923643,2.0,0.0
3.5814156250923643,2.4000000000000004,0.0
3.5814156250923643,2.8000000000000007,0.0
3.5814156250923643,3.200000000000001,0.0
3.5814156250923643,3.6000000000000014,0.0
3.5814156250923643,4.0,0.0
3.5814156250923643,4.4,0.0
3.5814156250923643,4.800000000000001,0.0
3.5814156250923643,5.200000000000001,0.0
3.5814156250923643,5.600000000000001,0.0
3.5814156250923643,6.0,0.0
3.5814156250923643,6.400000000000002,0.0
3.5814156250923643,6.800000000000001,0.0
3.5814156250923643,7.199999999999999,0.0
3.5814156250923643,7.600000000000001,0.0
3.5814156250923643,8.0,0.0
3.5814156250923643,8.400000000000002,0.0
3.5814156250923643,8.8,0.0
3.5814156250923643,9.200000000000003,0.0
3.5814156250923643,9.600000000000001,0.0
3.5814156250923643,10.0,0.0
3.612831551628262,-10.0,0.0
3.612831551628262,-9.6,0.0
3.612831551628262,-9.2,0.0
3.612831551628262,-8.8,0.0
3.612831551628262,-8.4,0.0
3.612831551628262,-8.0,0.0
3.612831551628262,-7.6,0.0
3.612831551628262,-7.199999999999999,0.0
3.612831551628262,-6.8,0.0
3.612831551628262,-6.4,0.0
3.612831551628262,-6.0,0.0
3.612831551628262,-5.6,0.0
3.612831551628262,-5.199999999999999,0.0
3.612831551628262,-4.8,0.0
3.612831551628262,-4.3999999999999995,0.0
3.612831551628262,-4.0,0.0
3.612831551628262,1.200000000000001,0.0
3.612831551628262,1.6000000000000014,0.0
3.612831551628262,2.0,0.0
3.612831551628262,2.4000000000000004,0.0
3.612831551628262,2.8000000000000007,0.0
3.612831551628262,3.200000000000001,0.0
3.612831551628262,3.6000000000000014,0.0
3.612831551628262,4.0,0.0
3.612831551628262,4.4,0.0
3.612831551628262,4.800000000000001,0.0
3.612831551628262,5.200000000000001,0.0
3.612831551628262,5.600000000000001,0.0
3.612831551628262,6.0,0.0
3.612831551628262,6.400000000000002,0.0
3.612831551628262,6.800000000000001,0.0
3.612831551628262,7.199999999999999,0.0
3.612831551628262,7.600000000000001,0.0
3.612831551628262,8.0,0.0
3.612831551628262,8.400000000000002,0.0
3.612831551628262,8.8,0.0
3.612831551628262,9.200000000000003,0.0
3.612831551628262,9.600000000000001,0.0
3.612831551628262,10.0,0.0
3.64424747816416,-10.0,0.0
3.64424747816416,-9.6,0.0
3.64424747816416,-9.2,0.0
3.64424747816416,-8.8,0.0
3.64424747816416,-8.4,0.0
3.64424747816416,-8.0,0.0
3.64424747816416,-7.6,0.0
3.64424747816416,-7.199999999999999,0.0
3.64424747816416,-6.8,0.0
3.64424747816416,-6.4,0.0
3.64424747816416,-6.0,0.0
3.64424747816416,-5.6,0.0
3.64424747816416,-5.199999999999999,0.0
3.64424747816416,-4.8,0.0
3.64424747816416,-4.3999999999999995,0.0
3.64424747816416,-4.0,0.0
3.64424747816416,0.8000000000000007,0.0
3.64424747816416,1.200000000000001,0.0
3.64424747816416,1.6000000000000014,0.0
3.64424747816416,2.0,0.0
3.64424747816416,2.4000000000000004,0.0
3.64424747816416,2.8000000000000007,0.0
3.64424747816416,3.200000000000001,0.0
3.64424747816416,3.6000000000000014,0.0
3.64424747816416,4.0,0.0
3.64424747816416,4.4,0.0
3.64424747816416,4.800000000000001,0.0
3.64424747816416,5.200000000000001,0.0
3.64424747816416,5.600000000000001,0.0
3.64424747816416,6.0,0.0
3.64424747816416,6.400000000000002,0.0
3.64424747816416,6.800000000000001,0.0
3.64424747816416,7.199999999999999,0.0
3.64424747816416,7.600000000000001,0.0
3.64424747816416,8.0,0.0
3.64424747816416,8.400000000000002,0.0
3.64424747816416,8.8,0.0
3.64424747816416,9.200000000000003,0.0
3.64424747816416,9.600000000000001,0.0
3.64424747816416,10.0,0.0
3.675663404700058,-10.0,0.0
3.675663404700058,-9.6,0.0
3.675663404700058,-9.2,0.0
3.675663404700058,-8.8,0.0
3.675663404700058,-8.4,0.0
3.675663404700058,-8.0,0.0
3.675663404700058,-7.6,0.0
3.675663404700058,-7.199999999999999,0.0
3.675663404700058,-6.8,0.0
3.675663404700058,-6.4,0.0
3.675663404700058,-6.0,0.0
3.675663404700058,-5.6,0.0
3.675663404700058,-5.199999999999999,0.0
3.675663404700058,-4.8,0.0
3.675663404700058,-4.3999999999999995,0.0
3.675663404700058,-4.0,0.0
3.675663404700058,0.8000000000000007,0.0
3.675663404700058,1.200000000000001,0.0
3.675663404700058,1.6000000000000014,0.0
3.675663404700058,2.0,0.0
3.675663404700058,2.4000000000000004,0.0
3.675663404700058,2.8000000000000007,0.0
3.675663404700058,3.200000000000001,0.0
3.675663404700058,3.6000000000000014,0.0
3.675663404700058,4.0,0.0
3.675663404700058,4.4,0.0
3.675663404700058,4.800000000000001,0.0
3.675663404700058,5.200000000000001,0.0
3.675663404700058,5.600000000000001,0.0
3.675663404700058,6.0,0.0
3.675663404700058,6.400000000000002,0.0
3.675663404700058,6.800000000000001,0.0
3.675663404700058,7.199999999999999,0.0
3.675663404700058,7.600000000000001,0.0
3.675663404700058,8.0,0.0
3.675663404700058,8.400000000000002,0.0
3.675663404700058,8.8,0.0
3.675663404700058,9.200000000000003,0.0
3.675663404700058,9.600000000000001,0.0
3.675663404700058,10.0,0.0
3.7070793312359562,-10.0,0.0
3.7070793312359562,-9.6,0.0
3.7070793312359562,-9.2,0.0
3.7070793312359562,-8.8,0.0
3.7070793312359562,-8.4,0.0
3.7070793312359562,-8.0,0.0
3.7070793312359562,-7.6,0.0
3.7070793312359562,-7.199999999999999,0.0
3.7070793312359562,-6.8,0.0
3.7070793312359562,-6.4,0.0
3.7070793312359562,-6.0,0.0
3.7070793312359562,-5.6,0.0
3.7070793312359562,-5.199999999999999,0.0
3.7070793312359562,-4.8,0.0
3.7070793312359562,-4.3999999999999995,0.0
3.7070793312359562,0.8000000000000007,0.0
3.7070793312359562,1.200000000000001,0.0
3.7070793312359562,1.6000000000000014,0.0
3.7070793312359562,2.0,0.0
3.7070793312359562,2.4000000000000004,0.0
3.7070793312359562,2.8000000000000007,0.0
3.7070793312359562,3.200000000000001,0.0
3.7070793312359562,3.6000000000000014,0.0
3.7070793312359562,4.0,0.0
3.7070793312359562,4.4,0.0
3.7070793312359562,4.800000000000001,0.0
3.7070793312359562,5.200000000000001,0.0
3.7070793312359562,5.600000000000001,0.0
3.7070793312359562,6.0,0.0
3.7070793312359562,6.400000000000002,0.0
3.7070793312359562,6.800000000000001,0.0
3.7070793312359562,7.199999999999999,0.0
3.7070793312359562,7.600000000000001,0.0
3.7070793312359562,8.0,0.0
3.7070793312359562,8.400000000000002,0.0
3.7070793312359562,8.8,0.0
3.7070793312359562,9.200000000000003,0.0
3.7070793312359562,9.600000000000001,0.0
3.7070793312359562,10.0,0.0
3.738495257771854,-10.0,0.0
3.738495257771854,-9.6,0.0
3.738495257771854,-9.2,0.0
3.738495257771854,-8.8,0.0
3.738495257771854,-8.4,0.0
3.738495257771854,-8.0,0.0
3.738495257771854,-7.6,0.0
3.738495257771854,-7.199999999999999,0.0
3.738495257771854,-6.8,0.0
3.738495257771854,-6.4,0.0
3.738495257771854,-6.0,0.0
3.738495257771854,-5.6,0.0
3.738495257771854,-5.199999999999999,0.0
3.738495257771854,-4.8,0.0
3.738495257771854,-4.3999999999999995,0.0
3.738495257771854,0.8000000000000007,0.0
3.738495257771854,1.200000000000001,0.0
3.738495257771854,1.6000000000000014,0.0
3.738495257771854,2.0,0.0
3.738495257771854,2.4000000000000004,0.0
3.738495257771854,2.8000000000000007,0.0
3.738495257771854,3.200000000000001,0.0
3.738495257771854,3.6000000000000014,0.0
3.738495257771854,4.0,0.0
3.738495257771854,4.4,0.0
3.738495257771854,4.800000000000001,0.0
3.738495257771854,5.200000000000001,0.0
3.738495257771854,5.600000000000001,0.0
3.738495257771854,6.0,0.0
3.738495257771854,6.400000000000002,0.0
3.738495257771854,6.800000000000001,0.0
3.738495257771854,7.199999999999999,0.0
3.738495257771854,7.600000000000001,0.0
3.738495257771854,8.0,0.0
3.738495257771854,8.400000000000002,0.0
3.738495257771854,8.8,0.0
3.738495257771854,9.200000000000003,0.0
3.738495257771854,9.600000000000001,0.0
3.738495257771854,10.0,0.0
3.7699111843077517,-10.0,0.0
3.7699111843077517,-9.6,0.0
3.7699111843077517,-9.2,0.0
3.7699111843077517,-8.8,0.0
3.7699111843077517,-8.4,0.0
3.7699111843077517,-8.0,0.0
3.7699111843077517,-7.6,0.0
3.7699111843077517,-7.199999999999999,0.0
3.7699111843077517,-6.8,0.0
3.7699111843077517,-6.4,0.0
3.7699111843077517,-6.0,0.0
3.7699111843077517,-5.6,0.0
3.7699111843077517,-5.199999999999999,0.0
3.7699111843077517,-4.8,0.0
3.7699111843077517,-4.3999999999999995,0.0
3.7699111843077517,0.8000000000000007,0.0
3.7699111843077517,1.200000000000001,0.0
3.7699111843077517,1.6000000000000014,0.0
3.7699111843077517,2.0,0.0
3.7699111843077517,2.4000000000000004,0.0
3.7699111843077517,2.8000000000000007,0.0
3.7699111843077517,3.200000000000001,0.0
3.7699111843077517,3.6000000000000014,0.0
3.7699111843077517,4.0,0.0
3.7699111843077517,4.4,0.0
3.7699111843077517,4.800000000000001,0.0
3.7699111843077517,5.200000000000001,0.0
3.7699111843077517,5.600000000000001,0.0
3.7699111843077517,6.0,0.0
3.7699111843077517,6.400000000000002,0.0
3.7699111843077517,6.800000000000001,0.0
3.7699111843077517,7.199999999999999,0.0
3.7699111843077517,7.600000000000001,0.0
3.7699111843077517,8.0,0.0
3.7699111843077517,8.400000000000002,0.0
3.7699111843077517,8.8,0.0
3.7699111843077517,9.200000000000003,0.0
3.7699111843077517,9.600000000000001,0.0
3.7699111843077517,10.0,0.0
3.8013271108436495,-10.0,0.0
3.8013271108436495,-9.6,0.0
3.8013271108436495,-9.2,0.0
3.8013271108436495,-8.8,0.0
3.8013271108436495,-8.4,0.0
3.8013271108436495,-8.0,0.0
3.8013271108436495,-7.6,0.0
3.8013271108436495,-7.199999999999999,0.0
3.8013271108436495,-6.8,0.0
3.8013271108436495,-6.4,0.0
3.8013271108436495,-6.0,0.0
3.8013271108436495,-5.6,0.0
3.8013271108436495,-5.199999999999999,0.0
3.8013271108436495,-4.8,0.0
3.8013271108436495,-4.3999999999999995,0.0
3.8013271108436495,0.40000000000000036,0.0
3.8013271108436495,0.8000000000000007,0.0
3.8013271108436495,1.200000000000001,0.0
3.8013271108436495,1.6000000000000014,0.0
3.8013271108436495,2.0,0.0
3.8013271108436495,2.4000000000000004,0.0
3.8013271108436495,2.8000000000000007,0.0
3.8013271108436495,3.200000000000001,0.0
3.8013271108436495,3.6000000000000014,0.0
3.8013271108436495,4.0,0.0
3.8013271108436495,4.4,0.0
3.8013271108436495,4.800000000000001,0.0
3.8013271108436495,5.200000000000001,0.0
3.8013271108436495,5.600000000000001,0.0
3.8013271108436495,6.0,0.0
3.8013271108436495,6.400000000000002,0.0
3.8013271108436495,6.800000000000001,0.0
3.8013271108436495,7.199999999999999,0.0
3.8013271108436495,7.600000000000001,0.0
3.8013271108436495,8.0,0.0
3.8013271108436495,8.400000000000002,0.0
3.8013271108436495,8.8,0.0
3.8013271108436495,9.200000000000003,0.0
3.8013271108436495,9.600000000000001,0.0
3.8013271108436495,10.0,0.0
3.8327430373795477,-10.0,0.0
3.8327430373795477,-9.6,0.0
3.8327430373795477,-9.2,0.0
3.8327430373795477,-8.8,0.0
3.8327430373795477,-8.4,0.0
3.8327430373795477,-8.0,0.0
3.8327430373795477,-7.6,0.0
3.8327430373795477,-7.199999999999999,0.0
3.8327430373795477,-6.8,0.0
3.8327430373795477,-6.4,0.0
3.8327430373795477,-6.0,0.0
3.8327430373795477,-5.6,0.0
3.8327430373795477,-5.199999999999999,0.0
3.8327430373795477,-4.8,0.0
3.8327430373795477,-4.3999999999999995,0.0
3.8327430373795477,0.40000000000000036,0.0
3.8327430373795477,0.8000000000000007,0.0
3.8327430373795477,1.200000000000001,0.0
3.8327430373795477,1.6000000000000014,0.0
3.8327430373795477,2.0,0.0
3.8327430373795477,2.4000000000000004,0.0
3.8327430373795477,2.8000000000000007,0.0
3.8327430373795477,3.200000000000001,0.0
3.8327430373795477,3.6000000000000014,0.0
3.8327430373795477,4.0,0.0
3.8327430373795477,4.4,0.0
3.8327430373795477,4.800000000000001,0.0
3.8327430373795477,5.200000000000001,0.0
3.8327430373795477,5.600000000000001,0.0
3.8327430373795477,6.0,0.0
3.8327430373795477,6.400000000000002,0.0
3.8327430373795477,6.800000000000001,0.0
3.8327430373795477,7.199999999999999,0.0
3.8327430373795477,7.600000000000001,0.0
3.8327430373795477,8.0,0.0
3.8327430373795477,8.400000000000002,0.0
3.8327430373795477,8.8,0.0
3.8327430373795477,9.200000000000003,0.0
3.8327430373795477,9.600000000000001,0.0
3.8327430373795477,10.0,0.0
3.864158963915446,-10.0,0.0
3.864158963915446,-9.6,0.0
3.864158963915446,-9.2,0.0
3.864158963915446,-8.8,0.0
3.864158963915446,-8.4,0.0
3.864158963915446,-8.0,0.0
3.864158963915446,-7.6,0.0
3.864158963915446,-7.199999999999999,0.0
3.864158963915446,-6.8,0.0
3.864158963915446,-6.4,0.0
3.864158963915446,-6.0,0.0
3.864158963915446,-5.6,0.0
3.864158963915446,-5.199999999999999,0.0
3.864158963915446,-4.8,0.0
3.864158963915446,0.40000000000000036,0.0
3.864158963915446,0.8000000000000007,0.0
3.864158963915446,1.200000000000001,0.0
3.864158963915446,1.6000000000000014,0.0
3.864158963915446,2.0,0.0
3.864158963915446,2.4000000000000004,0.0
3.864158963915446,2.8000000000000007,0.0
3.864158963915446,3.200000000000001,0.0
3.864158963915446,3.6000000000000014,0.0
3.864158963915446,4.0,0.0
3.864158963915446,4.4,0.0
3.864158963915446,4.800000000000001,0.0
3.864158963915446,5.200000000000001,0.0
3.864158963915446,5.600000000000001,0.0
3.864158963915446,6.0,0.0
3.864158963915446,6.400000000000002,0.0
3.864158963915446,6.800000000000001,0.0
3.864158963915446,7.199999999999999,0.0
3.864158963915446,7.600000000000001,0.0
3.864158963915446,8.0,0.0
3.864158963915446,8.400000000000002,0.0
3.864158963915446,8.8,0.0
3.864158963915446,9.200000000000003,0.0
3.864158963915446,9.600000000000001,0.0
3.864158963915446,10.0,0.0
3.8955748904513436,-10.0,0.0
3.8955748904513436,-9.6,0.0
3.8955748904513436,-9.2,0.0
3.8955748904513436,-8.8,0.0
3.8955748904513436,-8.4,0.0
3.8955748904513436,-8.0,0.0
3.8955748904513436,-7.6,0.0
3.8955748904513436,-7.199999999999999,0.0
3.8955748904513436,-6.8,0.0
3.8955748904513436,-6.4,0.0
3.8955748904513436,-6.0,0.0
3.8955748904513436,-5.6,0.0
3.8955748904513436,-5.199999999999999,0.0
3.8955748904513436,-4.8,0.0
3.8955748904513436,0.40000000000000036,0.0
3.8955748904513436,0.8000000000000007,0.0
3.8955748904513436,1.200000000000001,0.0
3.8955748904513436,1.6000000000000014,0.0
3.8955748904513436,2.0,0.0
3.8955748904513436,2.4000000000000004,0.0
3.8955748904513436,2.8000000000000007,0.0
3.8955748904513436,3.200000000000001,0.0
3.8955748904513436,3.6000000000000014,0.0
3.8955748904513436,4.0,0.0
3.8955748904513436,4.4,0.0
3.8955748904513436,4.800000000000001,0.0
3.8955748904513436,5.200000000000001,0.0
3.8955748904513436,5.600000000000001,0.0
3.8955748904513436,6.0,0.0
3.8955748904513436,6.400000000000002,0.0
3.8955748904513436,6.800000000000001,0.0
3.8955748904513436,7.199999999999999,0.0
3.8955748904513436,7.600000000000001,0.0
3.8955748904513436,8.0,0.0
3.8955748904513436,8.400000000000002,0.0
3.8955748904513436,8.8,0.0
3.8955748904513436,9.200000000000003,0.0
3.8955748904513436,9.600000000000001,0.0
3.8955748904513436,10.0,0.0
3.9269908169872414,-10.0,0.0
3.9269908169872414,-9.6,0.0
3.9269908169872414,-9.2,0.0
3.9269908169872414,-8.8,0.0
3.9269908169872414,-8.4,0.0
3.9269908169872414,-8.0,0.0
3.9269908169872414,-7.6,0.0
3.9269908169872414,-7.199999999999999,0.0
3.9269908169872414,-6.8,0.0
3.9269908169872414,-6.4,0.0
3.9269908169872414,-6.0,0.0
3.9269908169872414,-5.6,0.0
3.9269908169872414,-5.199999999999999,0.0
3.9269908169872414,-4.8,0.0
3.9269908169872414,0.0,0.0
3.9269908169872414,0.40000000000000036,0.0
3.9269908169872414,0.8000000000000007,0.0
3.9269908169872414,1.200000000000001,0.0
3.9269908169872414,1.6000000000000014,0.0
3.9269908169872414,2.0,0.0
3.9269908169872414,2.4000000000000004,0.0
3.9269908169872414,2.8000000000000007,0.0
3.9269908169872414,3.200000000000001,0.0
3.9269908169872414,3.6000000000000014,0.0
3.9269908169872414,4.0,0.0
3.9269908169872414,4.4,0.0
3.9269908169872414,4.800000000000001,0.0
3.9269908169872414,5.200000000000001,0.0
3.9269908169872414,5.600000000000001,0.0
3.9269908169872414,6.0,0.0
3.9269908169872414,6.400000000000002,0.0
3.9269908169872414,6.800000000000001,0.0
3.9269908169872414,7.199999999999999,0.0
3.9269908169872414,7.600000000000001,0.0
3.9269908169872414,8.0,0.0
3.9269908169872414,8.400000000000002,0.0
3.9269908169872414,8.8,0.0
3.9269908169872414,9.200000000000003,0.0
3.9269908169872414,9.600000000000001,0.0
3.9269908169872414,10.0,0.0
